[
    {
        "created_time": "2018-08-21T17:12:22+0000",
        "id": "T2_C2",
        "message": "Yeah, but we can still fake some data up here to get the point across."
    },
    {
        "created_time": "2018-05-05T21:38:24+0000",
        "id": "T1_C1",
        "message": "I love data science!"
    },
    {
        "created_time": "2018-08-21T15:24:16+0000",
        "id": "T2_C1",
        "message": "Unfortunately terms of use can make it difficult to share data."
    },
    {
        "created_time": "2018-05-05T22:02:04+0000",
        "id": "T1_C2",
        "message": "Yeah, but I didn't expect all of this pre-processing work!"
    }
    
]