[{"id": "air_force_blue_raf", "name": "Air Force Blue (Raf)", "hex_value": "#5d8aa8", "r": "93", "g": "138", "b": "168"}, {"id": "air_force_blue_usaf", "name": "Air Force Blue (Usaf)", "hex_value": "#00308f", "r": "0", "g": "48", "b": "143"}, {"id": "air_superiority_blue", "name": "Air Superiority Blue", "hex_value": "#72a0c1", "r": "114", "g": "160", "b": "193"}, {"id": "alabama_crimson", "name": "Alabama Crimson", "hex_value": "#a32638", "r": "163", "g": "38", "b": "56"}, {"id": "alice_blue", "name": "Alice Blue", "hex_value": "#f0f8ff", "r": "240", "g": "248", "b": "255"}, {"id": "alizarin_crimson", "name": "Alizarin Crimson", "hex_value": "#e32636", "r": "227", "g": "38", "b": "54"}, {"id": "alloy_orange", "name": "Alloy Orange", "hex_value": "#c46210", "r": "196", "g": "98", "b": "16"}, {"id": "almond", "name": "Almond", "hex_value": "#efdecd", "r": "239", "g": "222", "b": "205"}, {"id": "amaranth", "name": "Amaranth", "hex_value": "#e52b50", "r": "229", "g": "43", "b": "80"}, {"id": "amber", "name": "Amber", "hex_value": "#ffbf00", "r": "255", "g": "191", "b": "0"}, {"id": "amber_sae_ece", "name": "Amber (Sae/Ece)", "hex_value": "#ff7e00", "r": "255", "g": "126", "b": "0"}, {"id": "american_rose", "name": "American Rose", "hex_value": "#ff033e", "r": "255", "g": "3", "b": "62"}, {"id": "amethyst", "name": "Amethyst", "hex_value": "#96c", "r": "153", "g": "102", "b": "204"}, {"id": "android_green", "name": "Android Green", "hex_value": "#a4c639", "r": "164", "g": "198", "b": "57"}, {"id": "anti_flash_white", "name": "Anti-Flash White", "hex_value": "#f2f3f4", "r": "242", "g": "243", "b": "244"}, {"id": "antique_brass", "name": "Antique Brass", "hex_value": "#cd9575", "r": "205", "g": "149", "b": "117"}, {"id": "antique_fuchsia", "name": "Antique Fuchsia", "hex_value": "#915c83", "r": "145", "g": "92", "b": "131"}, {"id": "antique_ruby", "name": "Antique Ruby", "hex_value": "#841b2d", "r": "132", "g": "27", "b": "45"}, {"id": "antique_white", "name": "Antique White", "hex_value": "#faebd7", "r": "250", "g": "235", "b": "215"}, {"id": "ao_english", "name": "Ao (English)", "hex_value": "#008000", "r": "0", "g": "128", "b": "0"}, {"id": "apple_green", "name": "Apple Green", "hex_value": "#8db600", "r": "141", "g": "182", "b": "0"}, {"id": "apricot", "name": "Apricot", "hex_value": "#fbceb1", "r": "251", "g": "206", "b": "177"}, {"id": "aqua", "name": "Aqua", "hex_value": "#0ff", "r": "0", "g": "255", "b": "255"}, {"id": "aquamarine", "name": "Aquamarine", "hex_value": "#7fffd4", "r": "127", "g": "255", "b": "212"}, {"id": "army_green", "name": "Army Green", "hex_value": "#4b5320", "r": "75", "g": "83", "b": "32"}, {"id": "arsenic", "name": "Arsenic", "hex_value": "#3b444b", "r": "59", "g": "68", "b": "75"}, {"id": "arylide_yellow", "name": "Arylide Yellow", "hex_value": "#e9d66b", "r": "233", "g": "214", "b": "107"}, {"id": "ash_grey", "name": "Ash Grey", "hex_value": "#b2beb5", "r": "178", "g": "190", "b": "181"}, {"id": "asparagus", "name": "Asparagus", "hex_value": "#87a96b", "r": "135", "g": "169", "b": "107"}, {"id": "atomic_tangerine", "name": "Atomic Tangerine", "hex_value": "#f96", "r": "255", "g": "153", "b": "102"}, {"id": "auburn", "name": "Auburn", "hex_value": "#a52a2a", "r": "165", "g": "42", "b": "42"}, {"id": "aureolin", "name": "Aureolin", "hex_value": "#fdee00", "r": "253", "g": "238", "b": "0"}, {"id": "aurometalsaurus", "name": "Aurometalsaurus", "hex_value": "#6e7f80", "r": "110", "g": "127", "b": "128"}, {"id": "avocado", "name": "Avocado", "hex_value": "#568203", "r": "86", "g": "130", "b": "3"}, {"id": "azure", "name": "Azure", "hex_value": "#007fff", "r": "0", "g": "127", "b": "255"}, {"id": "azure_mist_web", "name": "Azure Mist/Web", "hex_value": "#f0ffff", "r": "240", "g": "255", "b": "255"}, {"id": "baby_blue", "name": "Baby Blue", "hex_value": "#89cff0", "r": "137", "g": "207", "b": "240"}, {"id": "baby_blue_eyes", "name": "Baby Blue Eyes", "hex_value": "#a1caf1", "r": "161", "g": "202", "b": "241"}, {"id": "baby_pink", "name": "Baby Pink", "hex_value": "#f4c2c2", "r": "244", "g": "194", "b": "194"}, {"id": "ball_blue", "name": "Ball Blue", "hex_value": "#21abcd", "r": "33", "g": "171", "b": "205"}, {"id": "banana_mania", "name": "Banana Mania", "hex_value": "#fae7b5", "r": "250", "g": "231", "b": "181"}, {"id": "banana_yellow", "name": "Banana Yellow", "hex_value": "#ffe135", "r": "255", "g": "225", "b": "53"}, {"id": "barn_red", "name": "Barn Red", "hex_value": "#7c0a02", "r": "124", "g": "10", "b": "2"}, {"id": "battleship_grey", "name": "Battleship Grey", "hex_value": "#848482", "r": "132", "g": "132", "b": "130"}, {"id": "bazaar", "name": "Bazaar", "hex_value": "#98777b", "r": "152", "g": "119", "b": "123"}, {"id": "beau_blue", "name": "Beau Blue", "hex_value": "#bcd4e6", "r": "188", "g": "212", "b": "230"}, {"id": "beaver", "name": "Beaver", "hex_value": "#9f8170", "r": "159", "g": "129", "b": "112"}, {"id": "beige", "name": "Beige", "hex_value": "#f5f5dc", "r": "245", "g": "245", "b": "220"}, {"id": "big_dip_o_ruby", "name": "Big Dip O\u2019Ruby", "hex_value": "#9c2542", "r": "156", "g": "37", "b": "66"}, {"id": "bisque", "name": "Bisque", "hex_value": "#ffe4c4", "r": "255", "g": "228", "b": "196"}, {"id": "bistre", "name": "Bistre", "hex_value": "#3d2b1f", "r": "61", "g": "43", "b": "31"}, {"id": "bittersweet", "name": "Bittersweet", "hex_value": "#fe6f5e", "r": "254", "g": "111", "b": "94"}, {"id": "bittersweet_shimmer", "name": "Bittersweet Shimmer", "hex_value": "#bf4f51", "r": "191", "g": "79", "b": "81"}, {"id": "black", "name": "Black", "hex_value": "#000", "r": "0", "g": "0", "b": "0"}, {"id": "black_bean", "name": "Black Bean", "hex_value": "#3d0c02", "r": "61", "g": "12", "b": "2"}, {"id": "black_leather_jacket", "name": "Black Leather Jacket", "hex_value": "#253529", "r": "37", "g": "53", "b": "41"}, {"id": "black_olive", "name": "Black Olive", "hex_value": "#3b3c36", "r": "59", "g": "60", "b": "54"}, {"id": "blanched_almond", "name": "Blanched Almond", "hex_value": "#ffebcd", "r": "255", "g": "235", "b": "205"}, {"id": "blast_off_bronze", "name": "Blast-Off Bronze", "hex_value": "#a57164", "r": "165", "g": "113", "b": "100"}, {"id": "bleu_de_france", "name": "Bleu De France", "hex_value": "#318ce7", "r": "49", "g": "140", "b": "231"}, {"id": "blizzard_blue", "name": "Blizzard Blue", "hex_value": "#ace5ee", "r": "172", "g": "229", "b": "238"}, {"id": "blond", "name": "Blond", "hex_value": "#faf0be", "r": "250", "g": "240", "b": "190"}, {"id": "blue", "name": "Blue", "hex_value": "#00f", "r": "0", "g": "0", "b": "255"}, {"id": "blue_bell", "name": "Blue Bell", "hex_value": "#a2a2d0", "r": "162", "g": "162", "b": "208"}, {"id": "blue_crayola", "name": "Blue (Crayola)", "hex_value": "#1f75fe", "r": "31", "g": "117", "b": "254"}, {"id": "blue_gray", "name": "Blue Gray", "hex_value": "#69c", "r": "102", "g": "153", "b": "204"}, {"id": "blue_green", "name": "Blue-Green", "hex_value": "#0d98ba", "r": "13", "g": "152", "b": "186"}, {"id": "blue_munsell", "name": "Blue (Munsell)", "hex_value": "#0093af", "r": "0", "g": "147", "b": "175"}, {"id": "blue_ncs", "name": "Blue (Ncs)", "hex_value": "#0087bd", "r": "0", "g": "135", "b": "189"}, {"id": "blue_pigment", "name": "Blue (Pigment)", "hex_value": "#339", "r": "51", "g": "51", "b": "153"}, {"id": "blue_ryb", "name": "Blue (Ryb)", "hex_value": "#0247fe", "r": "2", "g": "71", "b": "254"}, {"id": "blue_sapphire", "name": "Blue Sapphire", "hex_value": "#126180", "r": "18", "g": "97", "b": "128"}, {"id": "blue_violet", "name": "Blue-Violet", "hex_value": "#8a2be2", "r": "138", "g": "43", "b": "226"}, {"id": "blush", "name": "Blush", "hex_value": "#de5d83", "r": "222", "g": "93", "b": "131"}, {"id": "bole", "name": "Bole", "hex_value": "#79443b", "r": "121", "g": "68", "b": "59"}, {"id": "bondi_blue", "name": "Bondi Blue", "hex_value": "#0095b6", "r": "0", "g": "149", "b": "182"}, {"id": "bone", "name": "Bone", "hex_value": "#e3dac9", "r": "227", "g": "218", "b": "201"}, {"id": "boston_university_red", "name": "Boston University Red", "hex_value": "#c00", "r": "204", "g": "0", "b": "0"}, {"id": "bottle_green", "name": "Bottle Green", "hex_value": "#006a4e", "r": "0", "g": "106", "b": "78"}, {"id": "boysenberry", "name": "Boysenberry", "hex_value": "#873260", "r": "135", "g": "50", "b": "96"}, {"id": "brandeis_blue", "name": "Brandeis Blue", "hex_value": "#0070ff", "r": "0", "g": "112", "b": "255"}, {"id": "brass", "name": "Brass", "hex_value": "#b5a642", "r": "181", "g": "166", "b": "66"}, {"id": "brick_red", "name": "Brick Red", "hex_value": "#cb4154", "r": "203", "g": "65", "b": "84"}, {"id": "bright_cerulean", "name": "Bright Cerulean", "hex_value": "#1dacd6", "r": "29", "g": "172", "b": "214"}, {"id": "bright_green", "name": "Bright Green", "hex_value": "#6f0", "r": "102", "g": "255", "b": "0"}, {"id": "bright_lavender", "name": "Bright Lavender", "hex_value": "#bf94e4", "r": "191", "g": "148", "b": "228"}, {"id": "bright_maroon", "name": "Bright Maroon", "hex_value": "#c32148", "r": "195", "g": "33", "b": "72"}, {"id": "bright_pink", "name": "Bright Pink", "hex_value": "#ff007f", "r": "255", "g": "0", "b": "127"}, {"id": "bright_turquoise", "name": "Bright Turquoise", "hex_value": "#08e8de", "r": "8", "g": "232", "b": "222"}, {"id": "bright_ube", "name": "Bright Ube", "hex_value": "#d19fe8", "r": "209", "g": "159", "b": "232"}, {"id": "brilliant_lavender", "name": "Brilliant Lavender", "hex_value": "#f4bbff", "r": "244", "g": "187", "b": "255"}, {"id": "brilliant_rose", "name": "Brilliant Rose", "hex_value": "#ff55a3", "r": "255", "g": "85", "b": "163"}, {"id": "brink_pink", "name": "Brink Pink", "hex_value": "#fb607f", "r": "251", "g": "96", "b": "127"}, {"id": "british_racing_green", "name": "British Racing Green", "hex_value": "#004225", "r": "0", "g": "66", "b": "37"}, {"id": "bronze", "name": "Bronze", "hex_value": "#cd7f32", "r": "205", "g": "127", "b": "50"}, {"id": "brown_traditional", "name": "Brown (Traditional)", "hex_value": "#964b00", "r": "150", "g": "75", "b": "0"}, {"id": "brown_web", "name": "Brown (Web)", "hex_value": "#a52a2a", "r": "165", "g": "42", "b": "42"}, {"id": "bubble_gum", "name": "Bubble Gum", "hex_value": "#ffc1cc", "r": "255", "g": "193", "b": "204"}, {"id": "bubbles", "name": "Bubbles", "hex_value": "#e7feff", "r": "231", "g": "254", "b": "255"}, {"id": "buff", "name": "Buff", "hex_value": "#f0dc82", "r": "240", "g": "220", "b": "130"}, {"id": "bulgarian_rose", "name": "Bulgarian Rose", "hex_value": "#480607", "r": "72", "g": "6", "b": "7"}, {"id": "burgundy", "name": "Burgundy", "hex_value": "#800020", "r": "128", "g": "0", "b": "32"}, {"id": "burlywood", "name": "Burlywood", "hex_value": "#deb887", "r": "222", "g": "184", "b": "135"}, {"id": "burnt_orange", "name": "Burnt Orange", "hex_value": "#c50", "r": "204", "g": "85", "b": "0"}, {"id": "burnt_sienna", "name": "Burnt Sienna", "hex_value": "#e97451", "r": "233", "g": "116", "b": "81"}, {"id": "burnt_umber", "name": "Burnt Umber", "hex_value": "#8a3324", "r": "138", "g": "51", "b": "36"}, {"id": "byzantine", "name": "Byzantine", "hex_value": "#bd33a4", "r": "189", "g": "51", "b": "164"}, {"id": "byzantium", "name": "Byzantium", "hex_value": "#702963", "r": "112", "g": "41", "b": "99"}, {"id": "cadet", "name": "Cadet", "hex_value": "#536872", "r": "83", "g": "104", "b": "114"}, {"id": "cadet_blue", "name": "Cadet Blue", "hex_value": "#5f9ea0", "r": "95", "g": "158", "b": "160"}, {"id": "cadet_grey", "name": "Cadet Grey", "hex_value": "#91a3b0", "r": "145", "g": "163", "b": "176"}, {"id": "cadmium_green", "name": "Cadmium Green", "hex_value": "#006b3c", "r": "0", "g": "107", "b": "60"}, {"id": "cadmium_orange", "name": "Cadmium Orange", "hex_value": "#ed872d", "r": "237", "g": "135", "b": "45"}, {"id": "cadmium_red", "name": "Cadmium Red", "hex_value": "#e30022", "r": "227", "g": "0", "b": "34"}, {"id": "cadmium_yellow", "name": "Cadmium Yellow", "hex_value": "#fff600", "r": "255", "g": "246", "b": "0"}, {"id": "caf_au_lait", "name": "Caf\u00e9 Au Lait", "hex_value": "#a67b5b", "r": "166", "g": "123", "b": "91"}, {"id": "caf_noir", "name": "Caf\u00e9 Noir", "hex_value": "#4b3621", "r": "75", "g": "54", "b": "33"}, {"id": "cal_poly_green", "name": "Cal Poly Green", "hex_value": "#1e4d2b", "r": "30", "g": "77", "b": "43"}, {"id": "cambridge_blue", "name": "Cambridge Blue", "hex_value": "#a3c1ad", "r": "163", "g": "193", "b": "173"}, {"id": "camel", "name": "Camel", "hex_value": "#c19a6b", "r": "193", "g": "154", "b": "107"}, {"id": "cameo_pink", "name": "Cameo Pink", "hex_value": "#efbbcc", "r": "239", "g": "187", "b": "204"}, {"id": "camouflage_green", "name": "Camouflage Green", "hex_value": "#78866b", "r": "120", "g": "134", "b": "107"}, {"id": "canary_yellow", "name": "Canary Yellow", "hex_value": "#ffef00", "r": "255", "g": "239", "b": "0"}, {"id": "candy_apple_red", "name": "Candy Apple Red", "hex_value": "#ff0800", "r": "255", "g": "8", "b": "0"}, {"id": "candy_pink", "name": "Candy Pink", "hex_value": "#e4717a", "r": "228", "g": "113", "b": "122"}, {"id": "capri", "name": "Capri", "hex_value": "#00bfff", "r": "0", "g": "191", "b": "255"}, {"id": "caput_mortuum", "name": "Caput Mortuum", "hex_value": "#592720", "r": "89", "g": "39", "b": "32"}, {"id": "cardinal", "name": "Cardinal", "hex_value": "#c41e3a", "r": "196", "g": "30", "b": "58"}, {"id": "caribbean_green", "name": "Caribbean Green", "hex_value": "#0c9", "r": "0", "g": "204", "b": "153"}, {"id": "carmine", "name": "Carmine", "hex_value": "#960018", "r": "150", "g": "0", "b": "24"}, {"id": "carmine_m_p", "name": "Carmine (M&P)", "hex_value": "#d70040", "r": "215", "g": "0", "b": "64"}, {"id": "carmine_pink", "name": "Carmine Pink", "hex_value": "#eb4c42", "r": "235", "g": "76", "b": "66"}, {"id": "carmine_red", "name": "Carmine Red", "hex_value": "#ff0038", "r": "255", "g": "0", "b": "56"}, {"id": "carnation_pink", "name": "Carnation Pink", "hex_value": "#ffa6c9", "r": "255", "g": "166", "b": "201"}, {"id": "carnelian", "name": "Carnelian", "hex_value": "#b31b1b", "r": "179", "g": "27", "b": "27"}, {"id": "carolina_blue", "name": "Carolina Blue", "hex_value": "#99badd", "r": "153", "g": "186", "b": "221"}, {"id": "carrot_orange", "name": "Carrot Orange", "hex_value": "#ed9121", "r": "237", "g": "145", "b": "33"}, {"id": "catalina_blue", "name": "Catalina Blue", "hex_value": "#062a78", "r": "6", "g": "42", "b": "120"}, {"id": "ceil", "name": "Ceil", "hex_value": "#92a1cf", "r": "146", "g": "161", "b": "207"}, {"id": "celadon", "name": "Celadon", "hex_value": "#ace1af", "r": "172", "g": "225", "b": "175"}, {"id": "celadon_blue", "name": "Celadon Blue", "hex_value": "#007ba7", "r": "0", "g": "123", "b": "167"}, {"id": "celadon_green", "name": "Celadon Green", "hex_value": "#2f847c", "r": "47", "g": "132", "b": "124"}, {"id": "celeste_colour", "name": "Celeste (Colour)", "hex_value": "#b2ffff", "r": "178", "g": "255", "b": "255"}, {"id": "celestial_blue", "name": "Celestial Blue", "hex_value": "#4997d0", "r": "73", "g": "151", "b": "208"}, {"id": "cerise", "name": "Cerise", "hex_value": "#de3163", "r": "222", "g": "49", "b": "99"}, {"id": "cerise_pink", "name": "Cerise Pink", "hex_value": "#ec3b83", "r": "236", "g": "59", "b": "131"}, {"id": "cerulean", "name": "Cerulean", "hex_value": "#007ba7", "r": "0", "g": "123", "b": "167"}, {"id": "cerulean_blue", "name": "Cerulean Blue", "hex_value": "#2a52be", "r": "42", "g": "82", "b": "190"}, {"id": "cerulean_frost", "name": "Cerulean Frost", "hex_value": "#6d9bc3", "r": "109", "g": "155", "b": "195"}, {"id": "cg_blue", "name": "Cg Blue", "hex_value": "#007aa5", "r": "0", "g": "122", "b": "165"}, {"id": "cg_red", "name": "Cg Red", "hex_value": "#e03c31", "r": "224", "g": "60", "b": "49"}, {"id": "chamoisee", "name": "Chamoisee", "hex_value": "#a0785a", "r": "160", "g": "120", "b": "90"}, {"id": "champagne", "name": "Champagne", "hex_value": "#fad6a5", "r": "250", "g": "214", "b": "165"}, {"id": "charcoal", "name": "Charcoal", "hex_value": "#36454f", "r": "54", "g": "69", "b": "79"}, {"id": "charm_pink", "name": "Charm Pink", "hex_value": "#e68fac", "r": "230", "g": "143", "b": "172"}, {"id": "chartreuse_traditional", "name": "Chartreuse (Traditional)", "hex_value": "#dfff00", "r": "223", "g": "255", "b": "0"}, {"id": "chartreuse_web", "name": "Chartreuse (Web)", "hex_value": "#7fff00", "r": "127", "g": "255", "b": "0"}, {"id": "cherry", "name": "Cherry", "hex_value": "#de3163", "r": "222", "g": "49", "b": "99"}, {"id": "cherry_blossom_pink", "name": "Cherry Blossom Pink", "hex_value": "#ffb7c5", "r": "255", "g": "183", "b": "197"}, {"id": "chestnut", "name": "Chestnut", "hex_value": "#cd5c5c", "r": "205", "g": "92", "b": "92"}, {"id": "china_pink", "name": "China Pink", "hex_value": "#de6fa1", "r": "222", "g": "111", "b": "161"}, {"id": "china_rose", "name": "China Rose", "hex_value": "#a8516e", "r": "168", "g": "81", "b": "110"}, {"id": "chinese_red", "name": "Chinese Red", "hex_value": "#aa381e", "r": "170", "g": "56", "b": "30"}, {"id": "chocolate_traditional", "name": "Chocolate (Traditional)", "hex_value": "#7b3f00", "r": "123", "g": "63", "b": "0"}, {"id": "chocolate_web", "name": "Chocolate (Web)", "hex_value": "#d2691e", "r": "210", "g": "105", "b": "30"}, {"id": "chrome_yellow", "name": "Chrome Yellow", "hex_value": "#ffa700", "r": "255", "g": "167", "b": "0"}, {"id": "cinereous", "name": "Cinereous", "hex_value": "#98817b", "r": "152", "g": "129", "b": "123"}, {"id": "cinnabar", "name": "Cinnabar", "hex_value": "#e34234", "r": "227", "g": "66", "b": "52"}, {"id": "cinnamon", "name": "Cinnamon", "hex_value": "#d2691e", "r": "210", "g": "105", "b": "30"}, {"id": "citrine", "name": "Citrine", "hex_value": "#e4d00a", "r": "228", "g": "208", "b": "10"}, {"id": "classic_rose", "name": "Classic Rose", "hex_value": "#fbcce7", "r": "251", "g": "204", "b": "231"}, {"id": "cobalt", "name": "Cobalt", "hex_value": "#0047ab", "r": "0", "g": "71", "b": "171"}, {"id": "cocoa_brown", "name": "Cocoa Brown", "hex_value": "#d2691e", "r": "210", "g": "105", "b": "30"}, {"id": "coffee", "name": "Coffee", "hex_value": "#6f4e37", "r": "111", "g": "78", "b": "55"}, {"id": "columbia_blue", "name": "Columbia Blue", "hex_value": "#9bddff", "r": "155", "g": "221", "b": "255"}, {"id": "congo_pink", "name": "Congo Pink", "hex_value": "#f88379", "r": "248", "g": "131", "b": "121"}, {"id": "cool_black", "name": "Cool Black", "hex_value": "#002e63", "r": "0", "g": "46", "b": "99"}, {"id": "cool_grey", "name": "Cool Grey", "hex_value": "#8c92ac", "r": "140", "g": "146", "b": "172"}, {"id": "copper", "name": "Copper", "hex_value": "#b87333", "r": "184", "g": "115", "b": "51"}, {"id": "copper_crayola", "name": "Copper (Crayola)", "hex_value": "#da8a67", "r": "218", "g": "138", "b": "103"}, {"id": "copper_penny", "name": "Copper Penny", "hex_value": "#ad6f69", "r": "173", "g": "111", "b": "105"}, {"id": "copper_red", "name": "Copper Red", "hex_value": "#cb6d51", "r": "203", "g": "109", "b": "81"}, {"id": "copper_rose", "name": "Copper Rose", "hex_value": "#966", "r": "153", "g": "102", "b": "102"}, {"id": "coquelicot", "name": "Coquelicot", "hex_value": "#ff3800", "r": "255", "g": "56", "b": "0"}, {"id": "coral", "name": "Coral", "hex_value": "#ff7f50", "r": "255", "g": "127", "b": "80"}, {"id": "coral_pink", "name": "Coral Pink", "hex_value": "#f88379", "r": "248", "g": "131", "b": "121"}, {"id": "coral_red", "name": "Coral Red", "hex_value": "#ff4040", "r": "255", "g": "64", "b": "64"}, {"id": "cordovan", "name": "Cordovan", "hex_value": "#893f45", "r": "137", "g": "63", "b": "69"}, {"id": "corn", "name": "Corn", "hex_value": "#fbec5d", "r": "251", "g": "236", "b": "93"}, {"id": "cornell_red", "name": "Cornell Red", "hex_value": "#b31b1b", "r": "179", "g": "27", "b": "27"}, {"id": "cornflower_blue", "name": "Cornflower Blue", "hex_value": "#6495ed", "r": "100", "g": "149", "b": "237"}, {"id": "cornsilk", "name": "Cornsilk", "hex_value": "#fff8dc", "r": "255", "g": "248", "b": "220"}, {"id": "cosmic_latte", "name": "Cosmic Latte", "hex_value": "#fff8e7", "r": "255", "g": "248", "b": "231"}, {"id": "cotton_candy", "name": "Cotton Candy", "hex_value": "#ffbcd9", "r": "255", "g": "188", "b": "217"}, {"id": "cream", "name": "Cream", "hex_value": "#fffdd0", "r": "255", "g": "253", "b": "208"}, {"id": "crimson", "name": "Crimson", "hex_value": "#dc143c", "r": "220", "g": "20", "b": "60"}, {"id": "crimson_glory", "name": "Crimson Glory", "hex_value": "#be0032", "r": "190", "g": "0", "b": "50"}, {"id": "cyan", "name": "Cyan", "hex_value": "#0ff", "r": "0", "g": "255", "b": "255"}, {"id": "cyan_process", "name": "Cyan (Process)", "hex_value": "#00b7eb", "r": "0", "g": "183", "b": "235"}, {"id": "daffodil", "name": "Daffodil", "hex_value": "#ffff31", "r": "255", "g": "255", "b": "49"}, {"id": "dandelion", "name": "Dandelion", "hex_value": "#f0e130", "r": "240", "g": "225", "b": "48"}, {"id": "dark_blue", "name": "Dark Blue", "hex_value": "#00008b", "r": "0", "g": "0", "b": "139"}, {"id": "dark_brown", "name": "Dark Brown", "hex_value": "#654321", "r": "101", "g": "67", "b": "33"}, {"id": "dark_byzantium", "name": "Dark Byzantium", "hex_value": "#5d3954", "r": "93", "g": "57", "b": "84"}, {"id": "dark_candy_apple_red", "name": "Dark Candy Apple Red", "hex_value": "#a40000", "r": "164", "g": "0", "b": "0"}, {"id": "dark_cerulean", "name": "Dark Cerulean", "hex_value": "#08457e", "r": "8", "g": "69", "b": "126"}, {"id": "dark_chestnut", "name": "Dark Chestnut", "hex_value": "#986960", "r": "152", "g": "105", "b": "96"}, {"id": "dark_coral", "name": "Dark Coral", "hex_value": "#cd5b45", "r": "205", "g": "91", "b": "69"}, {"id": "dark_cyan", "name": "Dark Cyan", "hex_value": "#008b8b", "r": "0", "g": "139", "b": "139"}, {"id": "dark_electric_blue", "name": "Dark Electric Blue", "hex_value": "#536878", "r": "83", "g": "104", "b": "120"}, {"id": "dark_goldenrod", "name": "Dark Goldenrod", "hex_value": "#b8860b", "r": "184", "g": "134", "b": "11"}, {"id": "dark_gray", "name": "Dark Gray", "hex_value": "#a9a9a9", "r": "169", "g": "169", "b": "169"}, {"id": "dark_green", "name": "Dark Green", "hex_value": "#013220", "r": "1", "g": "50", "b": "32"}, {"id": "dark_imperial_blue", "name": "Dark Imperial Blue", "hex_value": "#00416a", "r": "0", "g": "65", "b": "106"}, {"id": "dark_jungle_green", "name": "Dark Jungle Green", "hex_value": "#1a2421", "r": "26", "g": "36", "b": "33"}, {"id": "dark_khaki", "name": "Dark Khaki", "hex_value": "#bdb76b", "r": "189", "g": "183", "b": "107"}, {"id": "dark_lava", "name": "Dark Lava", "hex_value": "#483c32", "r": "72", "g": "60", "b": "50"}, {"id": "dark_lavender", "name": "Dark Lavender", "hex_value": "#734f96", "r": "115", "g": "79", "b": "150"}, {"id": "dark_magenta", "name": "Dark Magenta", "hex_value": "#8b008b", "r": "139", "g": "0", "b": "139"}, {"id": "dark_midnight_blue", "name": "Dark Midnight Blue", "hex_value": "#036", "r": "0", "g": "51", "b": "102"}, {"id": "dark_olive_green", "name": "Dark Olive Green", "hex_value": "#556b2f", "r": "85", "g": "107", "b": "47"}, {"id": "dark_orange", "name": "Dark Orange", "hex_value": "#ff8c00", "r": "255", "g": "140", "b": "0"}, {"id": "dark_orchid", "name": "Dark Orchid", "hex_value": "#9932cc", "r": "153", "g": "50", "b": "204"}, {"id": "dark_pastel_blue", "name": "Dark Pastel Blue", "hex_value": "#779ecb", "r": "119", "g": "158", "b": "203"}, {"id": "dark_pastel_green", "name": "Dark Pastel Green", "hex_value": "#03c03c", "r": "3", "g": "192", "b": "60"}, {"id": "dark_pastel_purple", "name": "Dark Pastel Purple", "hex_value": "#966fd6", "r": "150", "g": "111", "b": "214"}, {"id": "dark_pastel_red", "name": "Dark Pastel Red", "hex_value": "#c23b22", "r": "194", "g": "59", "b": "34"}, {"id": "dark_pink", "name": "Dark Pink", "hex_value": "#e75480", "r": "231", "g": "84", "b": "128"}, {"id": "dark_powder_blue", "name": "Dark Powder Blue", "hex_value": "#039", "r": "0", "g": "51", "b": "153"}, {"id": "dark_raspberry", "name": "Dark Raspberry", "hex_value": "#872657", "r": "135", "g": "38", "b": "87"}, {"id": "dark_red", "name": "Dark Red", "hex_value": "#8b0000", "r": "139", "g": "0", "b": "0"}, {"id": "dark_salmon", "name": "Dark Salmon", "hex_value": "#e9967a", "r": "233", "g": "150", "b": "122"}, {"id": "dark_scarlet", "name": "Dark Scarlet", "hex_value": "#560319", "r": "86", "g": "3", "b": "25"}, {"id": "dark_sea_green", "name": "Dark Sea Green", "hex_value": "#8fbc8f", "r": "143", "g": "188", "b": "143"}, {"id": "dark_sienna", "name": "Dark Sienna", "hex_value": "#3c1414", "r": "60", "g": "20", "b": "20"}, {"id": "dark_slate_blue", "name": "Dark Slate Blue", "hex_value": "#483d8b", "r": "72", "g": "61", "b": "139"}, {"id": "dark_slate_gray", "name": "Dark Slate Gray", "hex_value": "#2f4f4f", "r": "47", "g": "79", "b": "79"}, {"id": "dark_spring_green", "name": "Dark Spring Green", "hex_value": "#177245", "r": "23", "g": "114", "b": "69"}, {"id": "dark_tan", "name": "Dark Tan", "hex_value": "#918151", "r": "145", "g": "129", "b": "81"}, {"id": "dark_tangerine", "name": "Dark Tangerine", "hex_value": "#ffa812", "r": "255", "g": "168", "b": "18"}, {"id": "dark_taupe", "name": "Dark Taupe", "hex_value": "#483c32", "r": "72", "g": "60", "b": "50"}, {"id": "dark_terra_cotta", "name": "Dark Terra Cotta", "hex_value": "#cc4e5c", "r": "204", "g": "78", "b": "92"}, {"id": "dark_turquoise", "name": "Dark Turquoise", "hex_value": "#00ced1", "r": "0", "g": "206", "b": "209"}, {"id": "dark_violet", "name": "Dark Violet", "hex_value": "#9400d3", "r": "148", "g": "0", "b": "211"}, {"id": "dark_yellow", "name": "Dark Yellow", "hex_value": "#9b870c", "r": "155", "g": "135", "b": "12"}, {"id": "dartmouth_green", "name": "Dartmouth Green", "hex_value": "#00703c", "r": "0", "g": "112", "b": "60"}, {"id": "davy_s_grey", "name": "Davy'S Grey", "hex_value": "#555", "r": "85", "g": "85", "b": "85"}, {"id": "debian_red", "name": "Debian Red", "hex_value": "#d70a53", "r": "215", "g": "10", "b": "83"}, {"id": "deep_carmine", "name": "Deep Carmine", "hex_value": "#a9203e", "r": "169", "g": "32", "b": "62"}, {"id": "deep_carmine_pink", "name": "Deep Carmine Pink", "hex_value": "#ef3038", "r": "239", "g": "48", "b": "56"}, {"id": "deep_carrot_orange", "name": "Deep Carrot Orange", "hex_value": "#e9692c", "r": "233", "g": "105", "b": "44"}, {"id": "deep_cerise", "name": "Deep Cerise", "hex_value": "#da3287", "r": "218", "g": "50", "b": "135"}, {"id": "deep_champagne", "name": "Deep Champagne", "hex_value": "#fad6a5", "r": "250", "g": "214", "b": "165"}, {"id": "deep_chestnut", "name": "Deep Chestnut", "hex_value": "#b94e48", "r": "185", "g": "78", "b": "72"}, {"id": "deep_coffee", "name": "Deep Coffee", "hex_value": "#704241", "r": "112", "g": "66", "b": "65"}, {"id": "deep_fuchsia", "name": "Deep Fuchsia", "hex_value": "#c154c1", "r": "193", "g": "84", "b": "193"}, {"id": "deep_jungle_green", "name": "Deep Jungle Green", "hex_value": "#004b49", "r": "0", "g": "75", "b": "73"}, {"id": "deep_lilac", "name": "Deep Lilac", "hex_value": "#95b", "r": "153", "g": "85", "b": "187"}, {"id": "deep_magenta", "name": "Deep Magenta", "hex_value": "#c0c", "r": "204", "g": "0", "b": "204"}, {"id": "deep_peach", "name": "Deep Peach", "hex_value": "#ffcba4", "r": "255", "g": "203", "b": "164"}, {"id": "deep_pink", "name": "Deep Pink", "hex_value": "#ff1493", "r": "255", "g": "20", "b": "147"}, {"id": "deep_ruby", "name": "Deep Ruby", "hex_value": "#843f5b", "r": "132", "g": "63", "b": "91"}, {"id": "deep_saffron", "name": "Deep Saffron", "hex_value": "#f93", "r": "255", "g": "153", "b": "51"}, {"id": "deep_sky_blue", "name": "Deep Sky Blue", "hex_value": "#00bfff", "r": "0", "g": "191", "b": "255"}, {"id": "deep_tuscan_red", "name": "Deep Tuscan Red", "hex_value": "#66424d", "r": "102", "g": "66", "b": "77"}, {"id": "denim", "name": "Denim", "hex_value": "#1560bd", "r": "21", "g": "96", "b": "189"}, {"id": "desert", "name": "Desert", "hex_value": "#c19a6b", "r": "193", "g": "154", "b": "107"}, {"id": "desert_sand", "name": "Desert Sand", "hex_value": "#edc9af", "r": "237", "g": "201", "b": "175"}, {"id": "dim_gray", "name": "Dim Gray", "hex_value": "#696969", "r": "105", "g": "105", "b": "105"}, {"id": "dodger_blue", "name": "Dodger Blue", "hex_value": "#1e90ff", "r": "30", "g": "144", "b": "255"}, {"id": "dogwood_rose", "name": "Dogwood Rose", "hex_value": "#d71868", "r": "215", "g": "24", "b": "104"}, {"id": "dollar_bill", "name": "Dollar Bill", "hex_value": "#85bb65", "r": "133", "g": "187", "b": "101"}, {"id": "drab", "name": "Drab", "hex_value": "#967117", "r": "150", "g": "113", "b": "23"}, {"id": "duke_blue", "name": "Duke Blue", "hex_value": "#00009c", "r": "0", "g": "0", "b": "156"}, {"id": "earth_yellow", "name": "Earth Yellow", "hex_value": "#e1a95f", "r": "225", "g": "169", "b": "95"}, {"id": "ebony", "name": "Ebony", "hex_value": "#555d50", "r": "85", "g": "93", "b": "80"}, {"id": "ecru", "name": "Ecru", "hex_value": "#c2b280", "r": "194", "g": "178", "b": "128"}, {"id": "eggplant", "name": "Eggplant", "hex_value": "#614051", "r": "97", "g": "64", "b": "81"}, {"id": "eggshell", "name": "Eggshell", "hex_value": "#f0ead6", "r": "240", "g": "234", "b": "214"}, {"id": "egyptian_blue", "name": "Egyptian Blue", "hex_value": "#1034a6", "r": "16", "g": "52", "b": "166"}, {"id": "electric_blue", "name": "Electric Blue", "hex_value": "#7df9ff", "r": "125", "g": "249", "b": "255"}, {"id": "electric_crimson", "name": "Electric Crimson", "hex_value": "#ff003f", "r": "255", "g": "0", "b": "63"}, {"id": "electric_cyan", "name": "Electric Cyan", "hex_value": "#0ff", "r": "0", "g": "255", "b": "255"}, {"id": "electric_green", "name": "Electric Green", "hex_value": "#0f0", "r": "0", "g": "255", "b": "0"}, {"id": "electric_indigo", "name": "Electric Indigo", "hex_value": "#6f00ff", "r": "111", "g": "0", "b": "255"}, {"id": "electric_lavender", "name": "Electric Lavender", "hex_value": "#f4bbff", "r": "244", "g": "187", "b": "255"}, {"id": "electric_lime", "name": "Electric Lime", "hex_value": "#cf0", "r": "204", "g": "255", "b": "0"}, {"id": "electric_purple", "name": "Electric Purple", "hex_value": "#bf00ff", "r": "191", "g": "0", "b": "255"}, {"id": "electric_ultramarine", "name": "Electric Ultramarine", "hex_value": "#3f00ff", "r": "63", "g": "0", "b": "255"}, {"id": "electric_violet", "name": "Electric Violet", "hex_value": "#8f00ff", "r": "143", "g": "0", "b": "255"}, {"id": "electric_yellow", "name": "Electric Yellow", "hex_value": "#ff0", "r": "255", "g": "255", "b": "0"}, {"id": "emerald", "name": "Emerald", "hex_value": "#50c878", "r": "80", "g": "200", "b": "120"}, {"id": "english_lavender", "name": "English Lavender", "hex_value": "#b48395", "r": "180", "g": "131", "b": "149"}, {"id": "eton_blue", "name": "Eton Blue", "hex_value": "#96c8a2", "r": "150", "g": "200", "b": "162"}, {"id": "fallow", "name": "Fallow", "hex_value": "#c19a6b", "r": "193", "g": "154", "b": "107"}, {"id": "falu_red", "name": "Falu Red", "hex_value": "#801818", "r": "128", "g": "24", "b": "24"}, {"id": "fandango", "name": "Fandango", "hex_value": "#b53389", "r": "181", "g": "51", "b": "137"}, {"id": "fashion_fuchsia", "name": "Fashion Fuchsia", "hex_value": "#f400a1", "r": "244", "g": "0", "b": "161"}, {"id": "fawn", "name": "Fawn", "hex_value": "#e5aa70", "r": "229", "g": "170", "b": "112"}, {"id": "feldgrau", "name": "Feldgrau", "hex_value": "#4d5d53", "r": "77", "g": "93", "b": "83"}, {"id": "fern_green", "name": "Fern Green", "hex_value": "#4f7942", "r": "79", "g": "121", "b": "66"}, {"id": "ferrari_red", "name": "Ferrari Red", "hex_value": "#ff2800", "r": "255", "g": "40", "b": "0"}, {"id": "field_drab", "name": "Field Drab", "hex_value": "#6c541e", "r": "108", "g": "84", "b": "30"}, {"id": "fire_engine_red", "name": "Fire Engine Red", "hex_value": "#ce2029", "r": "206", "g": "32", "b": "41"}, {"id": "firebrick", "name": "Firebrick", "hex_value": "#b22222", "r": "178", "g": "34", "b": "34"}, {"id": "flame", "name": "Flame", "hex_value": "#e25822", "r": "226", "g": "88", "b": "34"}, {"id": "flamingo_pink", "name": "Flamingo Pink", "hex_value": "#fc8eac", "r": "252", "g": "142", "b": "172"}, {"id": "flavescent", "name": "Flavescent", "hex_value": "#f7e98e", "r": "247", "g": "233", "b": "142"}, {"id": "flax", "name": "Flax", "hex_value": "#eedc82", "r": "238", "g": "220", "b": "130"}, {"id": "floral_white", "name": "Floral White", "hex_value": "#fffaf0", "r": "255", "g": "250", "b": "240"}, {"id": "fluorescent_orange", "name": "Fluorescent Orange", "hex_value": "#ffbf00", "r": "255", "g": "191", "b": "0"}, {"id": "fluorescent_pink", "name": "Fluorescent Pink", "hex_value": "#ff1493", "r": "255", "g": "20", "b": "147"}, {"id": "fluorescent_yellow", "name": "Fluorescent Yellow", "hex_value": "#cf0", "r": "204", "g": "255", "b": "0"}, {"id": "folly", "name": "Folly", "hex_value": "#ff004f", "r": "255", "g": "0", "b": "79"}, {"id": "forest_green_traditional", "name": "Forest Green (Traditional)", "hex_value": "#014421", "r": "1", "g": "68", "b": "33"}, {"id": "forest_green_web", "name": "Forest Green (Web)", "hex_value": "#228b22", "r": "34", "g": "139", "b": "34"}, {"id": "french_beige", "name": "French Beige", "hex_value": "#a67b5b", "r": "166", "g": "123", "b": "91"}, {"id": "french_blue", "name": "French Blue", "hex_value": "#0072bb", "r": "0", "g": "114", "b": "187"}, {"id": "french_lilac", "name": "French Lilac", "hex_value": "#86608e", "r": "134", "g": "96", "b": "142"}, {"id": "french_lime", "name": "French Lime", "hex_value": "#cf0", "r": "204", "g": "255", "b": "0"}, {"id": "french_raspberry", "name": "French Raspberry", "hex_value": "#c72c48", "r": "199", "g": "44", "b": "72"}, {"id": "french_rose", "name": "French Rose", "hex_value": "#f64a8a", "r": "246", "g": "74", "b": "138"}, {"id": "fuchsia", "name": "Fuchsia", "hex_value": "#f0f", "r": "255", "g": "0", "b": "255"}, {"id": "fuchsia_crayola", "name": "Fuchsia (Crayola)", "hex_value": "#c154c1", "r": "193", "g": "84", "b": "193"}, {"id": "fuchsia_pink", "name": "Fuchsia Pink", "hex_value": "#f7f", "r": "255", "g": "119", "b": "255"}, {"id": "fuchsia_rose", "name": "Fuchsia Rose", "hex_value": "#c74375", "r": "199", "g": "67", "b": "117"}, {"id": "fulvous", "name": "Fulvous", "hex_value": "#e48400", "r": "228", "g": "132", "b": "0"}, {"id": "fuzzy_wuzzy", "name": "Fuzzy Wuzzy", "hex_value": "#c66", "r": "204", "g": "102", "b": "102"}, {"id": "gainsboro", "name": "Gainsboro", "hex_value": "#dcdcdc", "r": "220", "g": "220", "b": "220"}, {"id": "gamboge", "name": "Gamboge", "hex_value": "#e49b0f", "r": "228", "g": "155", "b": "15"}, {"id": "ghost_white", "name": "Ghost White", "hex_value": "#f8f8ff", "r": "248", "g": "248", "b": "255"}, {"id": "ginger", "name": "Ginger", "hex_value": "#b06500", "r": "176", "g": "101", "b": "0"}, {"id": "glaucous", "name": "Glaucous", "hex_value": "#6082b6", "r": "96", "g": "130", "b": "182"}, {"id": "glitter", "name": "Glitter", "hex_value": "#e6e8fa", "r": "230", "g": "232", "b": "250"}, {"id": "gold_metallic", "name": "Gold (Metallic)", "hex_value": "#d4af37", "r": "212", "g": "175", "b": "55"}, {"id": "gold_web_golden", "name": "Gold (Web) (Golden)", "hex_value": "#ffd700", "r": "255", "g": "215", "b": "0"}, {"id": "golden_brown", "name": "Golden Brown", "hex_value": "#996515", "r": "153", "g": "101", "b": "21"}, {"id": "golden_poppy", "name": "Golden Poppy", "hex_value": "#fcc200", "r": "252", "g": "194", "b": "0"}, {"id": "golden_yellow", "name": "Golden Yellow", "hex_value": "#ffdf00", "r": "255", "g": "223", "b": "0"}, {"id": "goldenrod", "name": "Goldenrod", "hex_value": "#daa520", "r": "218", "g": "165", "b": "32"}, {"id": "granny_smith_apple", "name": "Granny Smith Apple", "hex_value": "#a8e4a0", "r": "168", "g": "228", "b": "160"}, {"id": "gray", "name": "Gray", "hex_value": "#808080", "r": "128", "g": "128", "b": "128"}, {"id": "gray_asparagus", "name": "Gray-Asparagus", "hex_value": "#465945", "r": "70", "g": "89", "b": "69"}, {"id": "gray_html_css_gray", "name": "Gray (Html/Css Gray)", "hex_value": "#808080", "r": "128", "g": "128", "b": "128"}, {"id": "gray_x11_gray", "name": "Gray (X11 Gray)", "hex_value": "#bebebe", "r": "190", "g": "190", "b": "190"}, {"id": "green_color_wheel_x11_green", "name": "Green (Color Wheel) (X11 Green)", "hex_value": "#0f0", "r": "0", "g": "255", "b": "0"}, {"id": "green_crayola", "name": "Green (Crayola)", "hex_value": "#1cac78", "r": "28", "g": "172", "b": "120"}, {"id": "green_html_css_green", "name": "Green (Html/Css Green)", "hex_value": "#008000", "r": "0", "g": "128", "b": "0"}, {"id": "green_munsell", "name": "Green (Munsell)", "hex_value": "#00a877", "r": "0", "g": "168", "b": "119"}, {"id": "green_ncs", "name": "Green (Ncs)", "hex_value": "#009f6b", "r": "0", "g": "159", "b": "107"}, {"id": "green_pigment", "name": "Green (Pigment)", "hex_value": "#00a550", "r": "0", "g": "165", "b": "80"}, {"id": "green_ryb", "name": "Green (Ryb)", "hex_value": "#66b032", "r": "102", "g": "176", "b": "50"}, {"id": "green_yellow", "name": "Green-Yellow", "hex_value": "#adff2f", "r": "173", "g": "255", "b": "47"}, {"id": "grullo", "name": "Grullo", "hex_value": "#a99a86", "r": "169", "g": "154", "b": "134"}, {"id": "guppie_green", "name": "Guppie Green", "hex_value": "#00ff7f", "r": "0", "g": "255", "b": "127"}, {"id": "halay_be", "name": "Halay\u00e0 \u00faBe", "hex_value": "#663854", "r": "102", "g": "56", "b": "84"}, {"id": "han_blue", "name": "Han Blue", "hex_value": "#446ccf", "r": "68", "g": "108", "b": "207"}, {"id": "han_purple", "name": "Han Purple", "hex_value": "#5218fa", "r": "82", "g": "24", "b": "250"}, {"id": "hansa_yellow", "name": "Hansa Yellow", "hex_value": "#e9d66b", "r": "233", "g": "214", "b": "107"}, {"id": "harlequin", "name": "Harlequin", "hex_value": "#3fff00", "r": "63", "g": "255", "b": "0"}, {"id": "harvard_crimson", "name": "Harvard Crimson", "hex_value": "#c90016", "r": "201", "g": "0", "b": "22"}, {"id": "harvest_gold", "name": "Harvest Gold", "hex_value": "#da9100", "r": "218", "g": "145", "b": "0"}, {"id": "heart_gold", "name": "Heart Gold", "hex_value": "#808000", "r": "128", "g": "128", "b": "0"}, {"id": "heliotrope", "name": "Heliotrope", "hex_value": "#df73ff", "r": "223", "g": "115", "b": "255"}, {"id": "hollywood_cerise", "name": "Hollywood Cerise", "hex_value": "#f400a1", "r": "244", "g": "0", "b": "161"}, {"id": "honeydew", "name": "Honeydew", "hex_value": "#f0fff0", "r": "240", "g": "255", "b": "240"}, {"id": "honolulu_blue", "name": "Honolulu Blue", "hex_value": "#007fbf", "r": "0", "g": "127", "b": "191"}, {"id": "hooker_s_green", "name": "Hooker'S Green", "hex_value": "#49796b", "r": "73", "g": "121", "b": "107"}, {"id": "hot_magenta", "name": "Hot Magenta", "hex_value": "#ff1dce", "r": "255", "g": "29", "b": "206"}, {"id": "hot_pink", "name": "Hot Pink", "hex_value": "#ff69b4", "r": "255", "g": "105", "b": "180"}, {"id": "hunter_green", "name": "Hunter Green", "hex_value": "#355e3b", "r": "53", "g": "94", "b": "59"}, {"id": "iceberg", "name": "Iceberg", "hex_value": "#71a6d2", "r": "113", "g": "166", "b": "210"}, {"id": "icterine", "name": "Icterine", "hex_value": "#fcf75e", "r": "252", "g": "247", "b": "94"}, {"id": "imperial_blue", "name": "Imperial Blue", "hex_value": "#002395", "r": "0", "g": "35", "b": "149"}, {"id": "inchworm", "name": "Inchworm", "hex_value": "#b2ec5d", "r": "178", "g": "236", "b": "93"}, {"id": "india_green", "name": "India Green", "hex_value": "#138808", "r": "19", "g": "136", "b": "8"}, {"id": "indian_red", "name": "Indian Red", "hex_value": "#cd5c5c", "r": "205", "g": "92", "b": "92"}, {"id": "indian_yellow", "name": "Indian Yellow", "hex_value": "#e3a857", "r": "227", "g": "168", "b": "87"}, {"id": "indigo", "name": "Indigo", "hex_value": "#6f00ff", "r": "111", "g": "0", "b": "255"}, {"id": "indigo_dye", "name": "Indigo (Dye)", "hex_value": "#00416a", "r": "0", "g": "65", "b": "106"}, {"id": "indigo_web", "name": "Indigo (Web)", "hex_value": "#4b0082", "r": "75", "g": "0", "b": "130"}, {"id": "international_klein_blue", "name": "International Klein Blue", "hex_value": "#002fa7", "r": "0", "g": "47", "b": "167"}, {"id": "international_orange_aerospace", "name": "International Orange (Aerospace)", "hex_value": "#ff4f00", "r": "255", "g": "79", "b": "0"}, {"id": "international_orange_engineering", "name": "International Orange (Engineering)", "hex_value": "#ba160c", "r": "186", "g": "22", "b": "12"}, {"id": "international_orange_golden_gate_bridge", "name": "International Orange (Golden Gate Bridge)", "hex_value": "#c0362c", "r": "192", "g": "54", "b": "44"}, {"id": "iris", "name": "Iris", "hex_value": "#5a4fcf", "r": "90", "g": "79", "b": "207"}, {"id": "isabelline", "name": "Isabelline", "hex_value": "#f4f0ec", "r": "244", "g": "240", "b": "236"}, {"id": "islamic_green", "name": "Islamic Green", "hex_value": "#009000", "r": "0", "g": "144", "b": "0"}, {"id": "ivory", "name": "Ivory", "hex_value": "#fffff0", "r": "255", "g": "255", "b": "240"}, {"id": "jade", "name": "Jade", "hex_value": "#00a86b", "r": "0", "g": "168", "b": "107"}, {"id": "jasmine", "name": "Jasmine", "hex_value": "#f8de7e", "r": "248", "g": "222", "b": "126"}, {"id": "jasper", "name": "Jasper", "hex_value": "#d73b3e", "r": "215", "g": "59", "b": "62"}, {"id": "jazzberry_jam", "name": "Jazzberry Jam", "hex_value": "#a50b5e", "r": "165", "g": "11", "b": "94"}, {"id": "jet", "name": "Jet", "hex_value": "#343434", "r": "52", "g": "52", "b": "52"}, {"id": "jonquil", "name": "Jonquil", "hex_value": "#fada5e", "r": "250", "g": "218", "b": "94"}, {"id": "june_bud", "name": "June Bud", "hex_value": "#bdda57", "r": "189", "g": "218", "b": "87"}, {"id": "jungle_green", "name": "Jungle Green", "hex_value": "#29ab87", "r": "41", "g": "171", "b": "135"}, {"id": "kelly_green", "name": "Kelly Green", "hex_value": "#4cbb17", "r": "76", "g": "187", "b": "23"}, {"id": "kenyan_copper", "name": "Kenyan Copper", "hex_value": "#7c1c05", "r": "124", "g": "28", "b": "5"}, {"id": "khaki_html_css_khaki", "name": "Khaki (Html/Css) (Khaki)", "hex_value": "#c3b091", "r": "195", "g": "176", "b": "145"}, {"id": "khaki_x11_light_khaki", "name": "Khaki (X11) (Light Khaki)", "hex_value": "#f0e68c", "r": "240", "g": "230", "b": "140"}, {"id": "ku_crimson", "name": "Ku Crimson", "hex_value": "#e8000d", "r": "232", "g": "0", "b": "13"}, {"id": "la_salle_green", "name": "La Salle Green", "hex_value": "#087830", "r": "8", "g": "120", "b": "48"}, {"id": "languid_lavender", "name": "Languid Lavender", "hex_value": "#d6cadd", "r": "214", "g": "202", "b": "221"}, {"id": "lapis_lazuli", "name": "Lapis Lazuli", "hex_value": "#26619c", "r": "38", "g": "97", "b": "156"}, {"id": "laser_lemon", "name": "Laser Lemon", "hex_value": "#fefe22", "r": "254", "g": "254", "b": "34"}, {"id": "laurel_green", "name": "Laurel Green", "hex_value": "#a9ba9d", "r": "169", "g": "186", "b": "157"}, {"id": "lava", "name": "Lava", "hex_value": "#cf1020", "r": "207", "g": "16", "b": "32"}, {"id": "lavender_blue", "name": "Lavender Blue", "hex_value": "#ccf", "r": "204", "g": "204", "b": "255"}, {"id": "lavender_blush", "name": "Lavender Blush", "hex_value": "#fff0f5", "r": "255", "g": "240", "b": "245"}, {"id": "lavender_floral", "name": "Lavender (Floral)", "hex_value": "#b57edc", "r": "181", "g": "126", "b": "220"}, {"id": "lavender_gray", "name": "Lavender Gray", "hex_value": "#c4c3d0", "r": "196", "g": "195", "b": "208"}, {"id": "lavender_indigo", "name": "Lavender Indigo", "hex_value": "#9457eb", "r": "148", "g": "87", "b": "235"}, {"id": "lavender_magenta", "name": "Lavender Magenta", "hex_value": "#ee82ee", "r": "238", "g": "130", "b": "238"}, {"id": "lavender_mist", "name": "Lavender Mist", "hex_value": "#e6e6fa", "r": "230", "g": "230", "b": "250"}, {"id": "lavender_pink", "name": "Lavender Pink", "hex_value": "#fbaed2", "r": "251", "g": "174", "b": "210"}, {"id": "lavender_purple", "name": "Lavender Purple", "hex_value": "#967bb6", "r": "150", "g": "123", "b": "182"}, {"id": "lavender_rose", "name": "Lavender Rose", "hex_value": "#fba0e3", "r": "251", "g": "160", "b": "227"}, {"id": "lavender_web", "name": "Lavender (Web)", "hex_value": "#e6e6fa", "r": "230", "g": "230", "b": "250"}, {"id": "lawn_green", "name": "Lawn Green", "hex_value": "#7cfc00", "r": "124", "g": "252", "b": "0"}, {"id": "lemon", "name": "Lemon", "hex_value": "#fff700", "r": "255", "g": "247", "b": "0"}, {"id": "lemon_chiffon", "name": "Lemon Chiffon", "hex_value": "#fffacd", "r": "255", "g": "250", "b": "205"}, {"id": "lemon_lime", "name": "Lemon Lime", "hex_value": "#e3ff00", "r": "227", "g": "255", "b": "0"}, {"id": "licorice", "name": "Licorice", "hex_value": "#1a1110", "r": "26", "g": "17", "b": "16"}, {"id": "light_apricot", "name": "Light Apricot", "hex_value": "#fdd5b1", "r": "253", "g": "213", "b": "177"}, {"id": "light_blue", "name": "Light Blue", "hex_value": "#add8e6", "r": "173", "g": "216", "b": "230"}, {"id": "light_brown", "name": "Light Brown", "hex_value": "#b5651d", "r": "181", "g": "101", "b": "29"}, {"id": "light_carmine_pink", "name": "Light Carmine Pink", "hex_value": "#e66771", "r": "230", "g": "103", "b": "113"}, {"id": "light_coral", "name": "Light Coral", "hex_value": "#f08080", "r": "240", "g": "128", "b": "128"}, {"id": "light_cornflower_blue", "name": "Light Cornflower Blue", "hex_value": "#93ccea", "r": "147", "g": "204", "b": "234"}, {"id": "light_crimson", "name": "Light Crimson", "hex_value": "#f56991", "r": "245", "g": "105", "b": "145"}, {"id": "light_cyan", "name": "Light Cyan", "hex_value": "#e0ffff", "r": "224", "g": "255", "b": "255"}, {"id": "light_fuchsia_pink", "name": "Light Fuchsia Pink", "hex_value": "#f984ef", "r": "249", "g": "132", "b": "239"}, {"id": "light_goldenrod_yellow", "name": "Light Goldenrod Yellow", "hex_value": "#fafad2", "r": "250", "g": "250", "b": "210"}, {"id": "light_gray", "name": "Light Gray", "hex_value": "#d3d3d3", "r": "211", "g": "211", "b": "211"}, {"id": "light_green", "name": "Light Green", "hex_value": "#90ee90", "r": "144", "g": "238", "b": "144"}, {"id": "light_khaki", "name": "Light Khaki", "hex_value": "#f0e68c", "r": "240", "g": "230", "b": "140"}, {"id": "light_pastel_purple", "name": "Light Pastel Purple", "hex_value": "#b19cd9", "r": "177", "g": "156", "b": "217"}, {"id": "light_pink", "name": "Light Pink", "hex_value": "#ffb6c1", "r": "255", "g": "182", "b": "193"}, {"id": "light_red_ochre", "name": "Light Red Ochre", "hex_value": "#e97451", "r": "233", "g": "116", "b": "81"}, {"id": "light_salmon", "name": "Light Salmon", "hex_value": "#ffa07a", "r": "255", "g": "160", "b": "122"}, {"id": "light_salmon_pink", "name": "Light Salmon Pink", "hex_value": "#f99", "r": "255", "g": "153", "b": "153"}, {"id": "light_sea_green", "name": "Light Sea Green", "hex_value": "#20b2aa", "r": "32", "g": "178", "b": "170"}, {"id": "light_sky_blue", "name": "Light Sky Blue", "hex_value": "#87cefa", "r": "135", "g": "206", "b": "250"}, {"id": "light_slate_gray", "name": "Light Slate Gray", "hex_value": "#789", "r": "119", "g": "136", "b": "153"}, {"id": "light_taupe", "name": "Light Taupe", "hex_value": "#b38b6d", "r": "179", "g": "139", "b": "109"}, {"id": "light_thulian_pink", "name": "Light Thulian Pink", "hex_value": "#e68fac", "r": "230", "g": "143", "b": "172"}, {"id": "light_yellow", "name": "Light Yellow", "hex_value": "#ffffe0", "r": "255", "g": "255", "b": "224"}, {"id": "lilac", "name": "Lilac", "hex_value": "#c8a2c8", "r": "200", "g": "162", "b": "200"}, {"id": "lime_color_wheel", "name": "Lime (Color Wheel)", "hex_value": "#bfff00", "r": "191", "g": "255", "b": "0"}, {"id": "lime_green", "name": "Lime Green", "hex_value": "#32cd32", "r": "50", "g": "205", "b": "50"}, {"id": "lime_web_x11_green", "name": "Lime (Web) (X11 Green)", "hex_value": "#0f0", "r": "0", "g": "255", "b": "0"}, {"id": "limerick", "name": "Limerick", "hex_value": "#9dc209", "r": "157", "g": "194", "b": "9"}, {"id": "lincoln_green", "name": "Lincoln Green", "hex_value": "#195905", "r": "25", "g": "89", "b": "5"}, {"id": "linen", "name": "Linen", "hex_value": "#faf0e6", "r": "250", "g": "240", "b": "230"}, {"id": "lion", "name": "Lion", "hex_value": "#c19a6b", "r": "193", "g": "154", "b": "107"}, {"id": "little_boy_blue", "name": "Little Boy Blue", "hex_value": "#6ca0dc", "r": "108", "g": "160", "b": "220"}, {"id": "liver", "name": "Liver", "hex_value": "#534b4f", "r": "83", "g": "75", "b": "79"}, {"id": "lust", "name": "Lust", "hex_value": "#e62020", "r": "230", "g": "32", "b": "32"}, {"id": "magenta", "name": "Magenta", "hex_value": "#f0f", "r": "255", "g": "0", "b": "255"}, {"id": "magenta_dye", "name": "Magenta (Dye)", "hex_value": "#ca1f7b", "r": "202", "g": "31", "b": "123"}, {"id": "magenta_process", "name": "Magenta (Process)", "hex_value": "#ff0090", "r": "255", "g": "0", "b": "144"}, {"id": "magic_mint", "name": "Magic Mint", "hex_value": "#aaf0d1", "r": "170", "g": "240", "b": "209"}, {"id": "magnolia", "name": "Magnolia", "hex_value": "#f8f4ff", "r": "248", "g": "244", "b": "255"}, {"id": "mahogany", "name": "Mahogany", "hex_value": "#c04000", "r": "192", "g": "64", "b": "0"}, {"id": "maize", "name": "Maize", "hex_value": "#fbec5d", "r": "251", "g": "236", "b": "93"}, {"id": "majorelle_blue", "name": "Majorelle Blue", "hex_value": "#6050dc", "r": "96", "g": "80", "b": "220"}, {"id": "malachite", "name": "Malachite", "hex_value": "#0bda51", "r": "11", "g": "218", "b": "81"}, {"id": "manatee", "name": "Manatee", "hex_value": "#979aaa", "r": "151", "g": "154", "b": "170"}, {"id": "mango_tango", "name": "Mango Tango", "hex_value": "#ff8243", "r": "255", "g": "130", "b": "67"}, {"id": "mantis", "name": "Mantis", "hex_value": "#74c365", "r": "116", "g": "195", "b": "101"}, {"id": "mardi_gras", "name": "Mardi Gras", "hex_value": "#880085", "r": "136", "g": "0", "b": "133"}, {"id": "maroon_crayola", "name": "Maroon (Crayola)", "hex_value": "#c32148", "r": "195", "g": "33", "b": "72"}, {"id": "maroon_html_css", "name": "Maroon (Html/Css)", "hex_value": "#800000", "r": "128", "g": "0", "b": "0"}, {"id": "maroon_x11", "name": "Maroon (X11)", "hex_value": "#b03060", "r": "176", "g": "48", "b": "96"}, {"id": "mauve", "name": "Mauve", "hex_value": "#e0b0ff", "r": "224", "g": "176", "b": "255"}, {"id": "mauve_taupe", "name": "Mauve Taupe", "hex_value": "#915f6d", "r": "145", "g": "95", "b": "109"}, {"id": "mauvelous", "name": "Mauvelous", "hex_value": "#ef98aa", "r": "239", "g": "152", "b": "170"}, {"id": "maya_blue", "name": "Maya Blue", "hex_value": "#73c2fb", "r": "115", "g": "194", "b": "251"}, {"id": "meat_brown", "name": "Meat Brown", "hex_value": "#e5b73b", "r": "229", "g": "183", "b": "59"}, {"id": "medium_aquamarine", "name": "Medium Aquamarine", "hex_value": "#6da", "r": "102", "g": "221", "b": "170"}, {"id": "medium_blue", "name": "Medium Blue", "hex_value": "#0000cd", "r": "0", "g": "0", "b": "205"}, {"id": "medium_candy_apple_red", "name": "Medium Candy Apple Red", "hex_value": "#e2062c", "r": "226", "g": "6", "b": "44"}, {"id": "medium_carmine", "name": "Medium Carmine", "hex_value": "#af4035", "r": "175", "g": "64", "b": "53"}, {"id": "medium_champagne", "name": "Medium Champagne", "hex_value": "#f3e5ab", "r": "243", "g": "229", "b": "171"}, {"id": "medium_electric_blue", "name": "Medium Electric Blue", "hex_value": "#035096", "r": "3", "g": "80", "b": "150"}, {"id": "medium_jungle_green", "name": "Medium Jungle Green", "hex_value": "#1c352d", "r": "28", "g": "53", "b": "45"}, {"id": "medium_lavender_magenta", "name": "Medium Lavender Magenta", "hex_value": "#dda0dd", "r": "221", "g": "160", "b": "221"}, {"id": "medium_orchid", "name": "Medium Orchid", "hex_value": "#ba55d3", "r": "186", "g": "85", "b": "211"}, {"id": "medium_persian_blue", "name": "Medium Persian Blue", "hex_value": "#0067a5", "r": "0", "g": "103", "b": "165"}, {"id": "medium_purple", "name": "Medium Purple", "hex_value": "#9370db", "r": "147", "g": "112", "b": "219"}, {"id": "medium_red_violet", "name": "Medium Red-Violet", "hex_value": "#bb3385", "r": "187", "g": "51", "b": "133"}, {"id": "medium_ruby", "name": "Medium Ruby", "hex_value": "#aa4069", "r": "170", "g": "64", "b": "105"}, {"id": "medium_sea_green", "name": "Medium Sea Green", "hex_value": "#3cb371", "r": "60", "g": "179", "b": "113"}, {"id": "medium_slate_blue", "name": "Medium Slate Blue", "hex_value": "#7b68ee", "r": "123", "g": "104", "b": "238"}, {"id": "medium_spring_bud", "name": "Medium Spring Bud", "hex_value": "#c9dc87", "r": "201", "g": "220", "b": "135"}, {"id": "medium_spring_green", "name": "Medium Spring Green", "hex_value": "#00fa9a", "r": "0", "g": "250", "b": "154"}, {"id": "medium_taupe", "name": "Medium Taupe", "hex_value": "#674c47", "r": "103", "g": "76", "b": "71"}, {"id": "medium_turquoise", "name": "Medium Turquoise", "hex_value": "#48d1cc", "r": "72", "g": "209", "b": "204"}, {"id": "medium_tuscan_red", "name": "Medium Tuscan Red", "hex_value": "#79443b", "r": "121", "g": "68", "b": "59"}, {"id": "medium_vermilion", "name": "Medium Vermilion", "hex_value": "#d9603b", "r": "217", "g": "96", "b": "59"}, {"id": "medium_violet_red", "name": "Medium Violet-Red", "hex_value": "#c71585", "r": "199", "g": "21", "b": "133"}, {"id": "mellow_apricot", "name": "Mellow Apricot", "hex_value": "#f8b878", "r": "248", "g": "184", "b": "120"}, {"id": "mellow_yellow", "name": "Mellow Yellow", "hex_value": "#f8de7e", "r": "248", "g": "222", "b": "126"}, {"id": "melon", "name": "Melon", "hex_value": "#fdbcb4", "r": "253", "g": "188", "b": "180"}, {"id": "midnight_blue", "name": "Midnight Blue", "hex_value": "#191970", "r": "25", "g": "25", "b": "112"}, {"id": "midnight_green_eagle_green", "name": "Midnight Green (Eagle Green)", "hex_value": "#004953", "r": "0", "g": "73", "b": "83"}, {"id": "mikado_yellow", "name": "Mikado Yellow", "hex_value": "#ffc40c", "r": "255", "g": "196", "b": "12"}, {"id": "mint", "name": "Mint", "hex_value": "#3eb489", "r": "62", "g": "180", "b": "137"}, {"id": "mint_cream", "name": "Mint Cream", "hex_value": "#f5fffa", "r": "245", "g": "255", "b": "250"}, {"id": "mint_green", "name": "Mint Green", "hex_value": "#98ff98", "r": "152", "g": "255", "b": "152"}, {"id": "misty_rose", "name": "Misty Rose", "hex_value": "#ffe4e1", "r": "255", "g": "228", "b": "225"}, {"id": "moccasin", "name": "Moccasin", "hex_value": "#faebd7", "r": "250", "g": "235", "b": "215"}, {"id": "mode_beige", "name": "Mode Beige", "hex_value": "#967117", "r": "150", "g": "113", "b": "23"}, {"id": "moonstone_blue", "name": "Moonstone Blue", "hex_value": "#73a9c2", "r": "115", "g": "169", "b": "194"}, {"id": "mordant_red_19", "name": "Mordant Red 19", "hex_value": "#ae0c00", "r": "174", "g": "12", "b": "0"}, {"id": "moss_green", "name": "Moss Green", "hex_value": "#addfad", "r": "173", "g": "223", "b": "173"}, {"id": "mountain_meadow", "name": "Mountain Meadow", "hex_value": "#30ba8f", "r": "48", "g": "186", "b": "143"}, {"id": "mountbatten_pink", "name": "Mountbatten Pink", "hex_value": "#997a8d", "r": "153", "g": "122", "b": "141"}, {"id": "msu_green", "name": "Msu Green", "hex_value": "#18453b", "r": "24", "g": "69", "b": "59"}, {"id": "mulberry", "name": "Mulberry", "hex_value": "#c54b8c", "r": "197", "g": "75", "b": "140"}, {"id": "mustard", "name": "Mustard", "hex_value": "#ffdb58", "r": "255", "g": "219", "b": "88"}, {"id": "myrtle", "name": "Myrtle", "hex_value": "#21421e", "r": "33", "g": "66", "b": "30"}, {"id": "nadeshiko_pink", "name": "Nadeshiko Pink", "hex_value": "#f6adc6", "r": "246", "g": "173", "b": "198"}, {"id": "napier_green", "name": "Napier Green", "hex_value": "#2a8000", "r": "42", "g": "128", "b": "0"}, {"id": "naples_yellow", "name": "Naples Yellow", "hex_value": "#fada5e", "r": "250", "g": "218", "b": "94"}, {"id": "navajo_white", "name": "Navajo White", "hex_value": "#ffdead", "r": "255", "g": "222", "b": "173"}, {"id": "navy_blue", "name": "Navy Blue", "hex_value": "#000080", "r": "0", "g": "0", "b": "128"}, {"id": "neon_carrot", "name": "Neon Carrot", "hex_value": "#ffa343", "r": "255", "g": "163", "b": "67"}, {"id": "neon_fuchsia", "name": "Neon Fuchsia", "hex_value": "#fe4164", "r": "254", "g": "65", "b": "100"}, {"id": "neon_green", "name": "Neon Green", "hex_value": "#39ff14", "r": "57", "g": "255", "b": "20"}, {"id": "new_york_pink", "name": "New York Pink", "hex_value": "#d7837f", "r": "215", "g": "131", "b": "127"}, {"id": "non_photo_blue", "name": "Non-Photo Blue", "hex_value": "#a4dded", "r": "164", "g": "221", "b": "237"}, {"id": "north_texas_green", "name": "North Texas Green", "hex_value": "#059033", "r": "5", "g": "144", "b": "51"}, {"id": "ocean_boat_blue", "name": "Ocean Boat Blue", "hex_value": "#0077be", "r": "0", "g": "119", "b": "190"}, {"id": "ochre", "name": "Ochre", "hex_value": "#c72", "r": "204", "g": "119", "b": "34"}, {"id": "office_green", "name": "Office Green", "hex_value": "#008000", "r": "0", "g": "128", "b": "0"}, {"id": "old_gold", "name": "Old Gold", "hex_value": "#cfb53b", "r": "207", "g": "181", "b": "59"}, {"id": "old_lace", "name": "Old Lace", "hex_value": "#fdf5e6", "r": "253", "g": "245", "b": "230"}, {"id": "old_lavender", "name": "Old Lavender", "hex_value": "#796878", "r": "121", "g": "104", "b": "120"}, {"id": "old_mauve", "name": "Old Mauve", "hex_value": "#673147", "r": "103", "g": "49", "b": "71"}, {"id": "old_rose", "name": "Old Rose", "hex_value": "#c08081", "r": "192", "g": "128", "b": "129"}, {"id": "olive", "name": "Olive", "hex_value": "#808000", "r": "128", "g": "128", "b": "0"}, {"id": "olive_drab_7", "name": "Olive Drab #7", "hex_value": "#3c341f", "r": "60", "g": "52", "b": "31"}, {"id": "olive_drab_web_olive_drab_3", "name": "Olive Drab (Web) (Olive Drab #3)", "hex_value": "#6b8e23", "r": "107", "g": "142", "b": "35"}, {"id": "olivine", "name": "Olivine", "hex_value": "#9ab973", "r": "154", "g": "185", "b": "115"}, {"id": "onyx", "name": "Onyx", "hex_value": "#353839", "r": "53", "g": "56", "b": "57"}, {"id": "opera_mauve", "name": "Opera Mauve", "hex_value": "#b784a7", "r": "183", "g": "132", "b": "167"}, {"id": "orange_color_wheel", "name": "Orange (Color Wheel)", "hex_value": "#ff7f00", "r": "255", "g": "127", "b": "0"}, {"id": "orange_peel", "name": "Orange Peel", "hex_value": "#ff9f00", "r": "255", "g": "159", "b": "0"}, {"id": "orange_red", "name": "Orange-Red", "hex_value": "#ff4500", "r": "255", "g": "69", "b": "0"}, {"id": "orange_ryb", "name": "Orange (Ryb)", "hex_value": "#fb9902", "r": "251", "g": "153", "b": "2"}, {"id": "orange_web_color", "name": "Orange (Web Color)", "hex_value": "#ffa500", "r": "255", "g": "165", "b": "0"}, {"id": "orchid", "name": "Orchid", "hex_value": "#da70d6", "r": "218", "g": "112", "b": "214"}, {"id": "otter_brown", "name": "Otter Brown", "hex_value": "#654321", "r": "101", "g": "67", "b": "33"}, {"id": "ou_crimson_red", "name": "Ou Crimson Red", "hex_value": "#900", "r": "153", "g": "0", "b": "0"}, {"id": "outer_space", "name": "Outer Space", "hex_value": "#414a4c", "r": "65", "g": "74", "b": "76"}, {"id": "outrageous_orange", "name": "Outrageous Orange", "hex_value": "#ff6e4a", "r": "255", "g": "110", "b": "74"}, {"id": "oxford_blue", "name": "Oxford Blue", "hex_value": "#002147", "r": "0", "g": "33", "b": "71"}, {"id": "pakistan_green", "name": "Pakistan Green", "hex_value": "#060", "r": "0", "g": "102", "b": "0"}, {"id": "palatinate_blue", "name": "Palatinate Blue", "hex_value": "#273be2", "r": "39", "g": "59", "b": "226"}, {"id": "palatinate_purple", "name": "Palatinate Purple", "hex_value": "#682860", "r": "104", "g": "40", "b": "96"}, {"id": "pale_aqua", "name": "Pale Aqua", "hex_value": "#bcd4e6", "r": "188", "g": "212", "b": "230"}, {"id": "pale_blue", "name": "Pale Blue", "hex_value": "#afeeee", "r": "175", "g": "238", "b": "238"}, {"id": "pale_brown", "name": "Pale Brown", "hex_value": "#987654", "r": "152", "g": "118", "b": "84"}, {"id": "pale_carmine", "name": "Pale Carmine", "hex_value": "#af4035", "r": "175", "g": "64", "b": "53"}, {"id": "pale_cerulean", "name": "Pale Cerulean", "hex_value": "#9bc4e2", "r": "155", "g": "196", "b": "226"}, {"id": "pale_chestnut", "name": "Pale Chestnut", "hex_value": "#ddadaf", "r": "221", "g": "173", "b": "175"}, {"id": "pale_copper", "name": "Pale Copper", "hex_value": "#da8a67", "r": "218", "g": "138", "b": "103"}, {"id": "pale_cornflower_blue", "name": "Pale Cornflower Blue", "hex_value": "#abcdef", "r": "171", "g": "205", "b": "239"}, {"id": "pale_gold", "name": "Pale Gold", "hex_value": "#e6be8a", "r": "230", "g": "190", "b": "138"}, {"id": "pale_goldenrod", "name": "Pale Goldenrod", "hex_value": "#eee8aa", "r": "238", "g": "232", "b": "170"}, {"id": "pale_green", "name": "Pale Green", "hex_value": "#98fb98", "r": "152", "g": "251", "b": "152"}, {"id": "pale_lavender", "name": "Pale Lavender", "hex_value": "#dcd0ff", "r": "220", "g": "208", "b": "255"}, {"id": "pale_magenta", "name": "Pale Magenta", "hex_value": "#f984e5", "r": "249", "g": "132", "b": "229"}, {"id": "pale_pink", "name": "Pale Pink", "hex_value": "#fadadd", "r": "250", "g": "218", "b": "221"}, {"id": "pale_plum", "name": "Pale Plum", "hex_value": "#dda0dd", "r": "221", "g": "160", "b": "221"}, {"id": "pale_red_violet", "name": "Pale Red-Violet", "hex_value": "#db7093", "r": "219", "g": "112", "b": "147"}, {"id": "pale_robin_egg_blue", "name": "Pale Robin Egg Blue", "hex_value": "#96ded1", "r": "150", "g": "222", "b": "209"}, {"id": "pale_silver", "name": "Pale Silver", "hex_value": "#c9c0bb", "r": "201", "g": "192", "b": "187"}, {"id": "pale_spring_bud", "name": "Pale Spring Bud", "hex_value": "#ecebbd", "r": "236", "g": "235", "b": "189"}, {"id": "pale_taupe", "name": "Pale Taupe", "hex_value": "#bc987e", "r": "188", "g": "152", "b": "126"}, {"id": "pale_violet_red", "name": "Pale Violet-Red", "hex_value": "#db7093", "r": "219", "g": "112", "b": "147"}, {"id": "pansy_purple", "name": "Pansy Purple", "hex_value": "#78184a", "r": "120", "g": "24", "b": "74"}, {"id": "papaya_whip", "name": "Papaya Whip", "hex_value": "#ffefd5", "r": "255", "g": "239", "b": "213"}, {"id": "paris_green", "name": "Paris Green", "hex_value": "#50c878", "r": "80", "g": "200", "b": "120"}, {"id": "pastel_blue", "name": "Pastel Blue", "hex_value": "#aec6cf", "r": "174", "g": "198", "b": "207"}, {"id": "pastel_brown", "name": "Pastel Brown", "hex_value": "#836953", "r": "131", "g": "105", "b": "83"}, {"id": "pastel_gray", "name": "Pastel Gray", "hex_value": "#cfcfc4", "r": "207", "g": "207", "b": "196"}, {"id": "pastel_green", "name": "Pastel Green", "hex_value": "#7d7", "r": "119", "g": "221", "b": "119"}, {"id": "pastel_magenta", "name": "Pastel Magenta", "hex_value": "#f49ac2", "r": "244", "g": "154", "b": "194"}, {"id": "pastel_orange", "name": "Pastel Orange", "hex_value": "#ffb347", "r": "255", "g": "179", "b": "71"}, {"id": "pastel_pink", "name": "Pastel Pink", "hex_value": "#dea5a4", "r": "222", "g": "165", "b": "164"}, {"id": "pastel_purple", "name": "Pastel Purple", "hex_value": "#b39eb5", "r": "179", "g": "158", "b": "181"}, {"id": "pastel_red", "name": "Pastel Red", "hex_value": "#ff6961", "r": "255", "g": "105", "b": "97"}, {"id": "pastel_violet", "name": "Pastel Violet", "hex_value": "#cb99c9", "r": "203", "g": "153", "b": "201"}, {"id": "pastel_yellow", "name": "Pastel Yellow", "hex_value": "#fdfd96", "r": "253", "g": "253", "b": "150"}, {"id": "patriarch", "name": "Patriarch", "hex_value": "#800080", "r": "128", "g": "0", "b": "128"}, {"id": "payne_s_grey", "name": "Payne'S Grey", "hex_value": "#536878", "r": "83", "g": "104", "b": "120"}, {"id": "peach", "name": "Peach", "hex_value": "#ffe5b4", "r": "255", "g": "229", "b": "180"}, {"id": "peach_crayola", "name": "Peach (Crayola)", "hex_value": "#ffcba4", "r": "255", "g": "203", "b": "164"}, {"id": "peach_orange", "name": "Peach-Orange", "hex_value": "#fc9", "r": "255", "g": "204", "b": "153"}, {"id": "peach_puff", "name": "Peach Puff", "hex_value": "#ffdab9", "r": "255", "g": "218", "b": "185"}, {"id": "peach_yellow", "name": "Peach-Yellow", "hex_value": "#fadfad", "r": "250", "g": "223", "b": "173"}, {"id": "pear", "name": "Pear", "hex_value": "#d1e231", "r": "209", "g": "226", "b": "49"}, {"id": "pearl", "name": "Pearl", "hex_value": "#eae0c8", "r": "234", "g": "224", "b": "200"}, {"id": "pearl_aqua", "name": "Pearl Aqua", "hex_value": "#88d8c0", "r": "136", "g": "216", "b": "192"}, {"id": "pearly_purple", "name": "Pearly Purple", "hex_value": "#b768a2", "r": "183", "g": "104", "b": "162"}, {"id": "peridot", "name": "Peridot", "hex_value": "#e6e200", "r": "230", "g": "226", "b": "0"}, {"id": "periwinkle", "name": "Periwinkle", "hex_value": "#ccf", "r": "204", "g": "204", "b": "255"}, {"id": "persian_blue", "name": "Persian Blue", "hex_value": "#1c39bb", "r": "28", "g": "57", "b": "187"}, {"id": "persian_green", "name": "Persian Green", "hex_value": "#00a693", "r": "0", "g": "166", "b": "147"}, {"id": "persian_indigo", "name": "Persian Indigo", "hex_value": "#32127a", "r": "50", "g": "18", "b": "122"}, {"id": "persian_orange", "name": "Persian Orange", "hex_value": "#d99058", "r": "217", "g": "144", "b": "88"}, {"id": "persian_pink", "name": "Persian Pink", "hex_value": "#f77fbe", "r": "247", "g": "127", "b": "190"}, {"id": "persian_plum", "name": "Persian Plum", "hex_value": "#701c1c", "r": "112", "g": "28", "b": "28"}, {"id": "persian_red", "name": "Persian Red", "hex_value": "#c33", "r": "204", "g": "51", "b": "51"}, {"id": "persian_rose", "name": "Persian Rose", "hex_value": "#fe28a2", "r": "254", "g": "40", "b": "162"}, {"id": "persimmon", "name": "Persimmon", "hex_value": "#ec5800", "r": "236", "g": "88", "b": "0"}, {"id": "peru", "name": "Peru", "hex_value": "#cd853f", "r": "205", "g": "133", "b": "63"}, {"id": "phlox", "name": "Phlox", "hex_value": "#df00ff", "r": "223", "g": "0", "b": "255"}, {"id": "phthalo_blue", "name": "Phthalo Blue", "hex_value": "#000f89", "r": "0", "g": "15", "b": "137"}, {"id": "phthalo_green", "name": "Phthalo Green", "hex_value": "#123524", "r": "18", "g": "53", "b": "36"}, {"id": "piggy_pink", "name": "Piggy Pink", "hex_value": "#fddde6", "r": "253", "g": "221", "b": "230"}, {"id": "pine_green", "name": "Pine Green", "hex_value": "#01796f", "r": "1", "g": "121", "b": "111"}, {"id": "pink", "name": "Pink", "hex_value": "#ffc0cb", "r": "255", "g": "192", "b": "203"}, {"id": "pink_lace", "name": "Pink Lace", "hex_value": "#ffddf4", "r": "255", "g": "221", "b": "244"}, {"id": "pink_orange", "name": "Pink-Orange", "hex_value": "#f96", "r": "255", "g": "153", "b": "102"}, {"id": "pink_pearl", "name": "Pink Pearl", "hex_value": "#e7accf", "r": "231", "g": "172", "b": "207"}, {"id": "pink_sherbet", "name": "Pink Sherbet", "hex_value": "#f78fa7", "r": "247", "g": "143", "b": "167"}, {"id": "pistachio", "name": "Pistachio", "hex_value": "#93c572", "r": "147", "g": "197", "b": "114"}, {"id": "platinum", "name": "Platinum", "hex_value": "#e5e4e2", "r": "229", "g": "228", "b": "226"}, {"id": "plum_traditional", "name": "Plum (Traditional)", "hex_value": "#8e4585", "r": "142", "g": "69", "b": "133"}, {"id": "plum_web", "name": "Plum (Web)", "hex_value": "#dda0dd", "r": "221", "g": "160", "b": "221"}, {"id": "portland_orange", "name": "Portland Orange", "hex_value": "#ff5a36", "r": "255", "g": "90", "b": "54"}, {"id": "powder_blue_web", "name": "Powder Blue (Web)", "hex_value": "#b0e0e6", "r": "176", "g": "224", "b": "230"}, {"id": "princeton_orange", "name": "Princeton Orange", "hex_value": "#ff8f00", "r": "255", "g": "143", "b": "0"}, {"id": "prune", "name": "Prune", "hex_value": "#701c1c", "r": "112", "g": "28", "b": "28"}, {"id": "prussian_blue", "name": "Prussian Blue", "hex_value": "#003153", "r": "0", "g": "49", "b": "83"}, {"id": "psychedelic_purple", "name": "Psychedelic Purple", "hex_value": "#df00ff", "r": "223", "g": "0", "b": "255"}, {"id": "puce", "name": "Puce", "hex_value": "#c89", "r": "204", "g": "136", "b": "153"}, {"id": "pumpkin", "name": "Pumpkin", "hex_value": "#ff7518", "r": "255", "g": "117", "b": "24"}, {"id": "purple_heart", "name": "Purple Heart", "hex_value": "#69359c", "r": "105", "g": "53", "b": "156"}, {"id": "purple_html_css", "name": "Purple (Html/Css)", "hex_value": "#800080", "r": "128", "g": "0", "b": "128"}, {"id": "purple_mountain_majesty", "name": "Purple Mountain Majesty", "hex_value": "#9678b6", "r": "150", "g": "120", "b": "182"}, {"id": "purple_munsell", "name": "Purple (Munsell)", "hex_value": "#9f00c5", "r": "159", "g": "0", "b": "197"}, {"id": "purple_pizzazz", "name": "Purple Pizzazz", "hex_value": "#fe4eda", "r": "254", "g": "78", "b": "218"}, {"id": "purple_taupe", "name": "Purple Taupe", "hex_value": "#50404d", "r": "80", "g": "64", "b": "77"}, {"id": "purple_x11", "name": "Purple (X11)", "hex_value": "#a020f0", "r": "160", "g": "32", "b": "240"}, {"id": "quartz", "name": "Quartz", "hex_value": "#51484f", "r": "81", "g": "72", "b": "79"}, {"id": "rackley", "name": "Rackley", "hex_value": "#5d8aa8", "r": "93", "g": "138", "b": "168"}, {"id": "radical_red", "name": "Radical Red", "hex_value": "#ff355e", "r": "255", "g": "53", "b": "94"}, {"id": "rajah", "name": "Rajah", "hex_value": "#fbab60", "r": "251", "g": "171", "b": "96"}, {"id": "raspberry", "name": "Raspberry", "hex_value": "#e30b5d", "r": "227", "g": "11", "b": "93"}, {"id": "raspberry_glace", "name": "Raspberry Glace", "hex_value": "#915f6d", "r": "145", "g": "95", "b": "109"}, {"id": "raspberry_pink", "name": "Raspberry Pink", "hex_value": "#e25098", "r": "226", "g": "80", "b": "152"}, {"id": "raspberry_rose", "name": "Raspberry Rose", "hex_value": "#b3446c", "r": "179", "g": "68", "b": "108"}, {"id": "raw_umber", "name": "Raw Umber", "hex_value": "#826644", "r": "130", "g": "102", "b": "68"}, {"id": "razzle_dazzle_rose", "name": "Razzle Dazzle Rose", "hex_value": "#f3c", "r": "255", "g": "51", "b": "204"}, {"id": "razzmatazz", "name": "Razzmatazz", "hex_value": "#e3256b", "r": "227", "g": "37", "b": "107"}, {"id": "red", "name": "Red", "hex_value": "#f00", "r": "255", "g": "0", "b": "0"}, {"id": "red_brown", "name": "Red-Brown", "hex_value": "#a52a2a", "r": "165", "g": "42", "b": "42"}, {"id": "red_devil", "name": "Red Devil", "hex_value": "#860111", "r": "134", "g": "1", "b": "17"}, {"id": "red_munsell", "name": "Red (Munsell)", "hex_value": "#f2003c", "r": "242", "g": "0", "b": "60"}, {"id": "red_ncs", "name": "Red (Ncs)", "hex_value": "#c40233", "r": "196", "g": "2", "b": "51"}, {"id": "red_orange", "name": "Red-Orange", "hex_value": "#ff5349", "r": "255", "g": "83", "b": "73"}, {"id": "red_pigment", "name": "Red (Pigment)", "hex_value": "#ed1c24", "r": "237", "g": "28", "b": "36"}, {"id": "red_ryb", "name": "Red (Ryb)", "hex_value": "#fe2712", "r": "254", "g": "39", "b": "18"}, {"id": "red_violet", "name": "Red-Violet", "hex_value": "#c71585", "r": "199", "g": "21", "b": "133"}, {"id": "redwood", "name": "Redwood", "hex_value": "#ab4e52", "r": "171", "g": "78", "b": "82"}, {"id": "regalia", "name": "Regalia", "hex_value": "#522d80", "r": "82", "g": "45", "b": "128"}, {"id": "resolution_blue", "name": "Resolution Blue", "hex_value": "#002387", "r": "0", "g": "35", "b": "135"}, {"id": "rich_black", "name": "Rich Black", "hex_value": "#004040", "r": "0", "g": "64", "b": "64"}, {"id": "rich_brilliant_lavender", "name": "Rich Brilliant Lavender", "hex_value": "#f1a7fe", "r": "241", "g": "167", "b": "254"}, {"id": "rich_carmine", "name": "Rich Carmine", "hex_value": "#d70040", "r": "215", "g": "0", "b": "64"}, {"id": "rich_electric_blue", "name": "Rich Electric Blue", "hex_value": "#0892d0", "r": "8", "g": "146", "b": "208"}, {"id": "rich_lavender", "name": "Rich Lavender", "hex_value": "#a76bcf", "r": "167", "g": "107", "b": "207"}, {"id": "rich_lilac", "name": "Rich Lilac", "hex_value": "#b666d2", "r": "182", "g": "102", "b": "210"}, {"id": "rich_maroon", "name": "Rich Maroon", "hex_value": "#b03060", "r": "176", "g": "48", "b": "96"}, {"id": "rifle_green", "name": "Rifle Green", "hex_value": "#414833", "r": "65", "g": "72", "b": "51"}, {"id": "robin_egg_blue", "name": "Robin Egg Blue", "hex_value": "#0cc", "r": "0", "g": "204", "b": "204"}, {"id": "rose", "name": "Rose", "hex_value": "#ff007f", "r": "255", "g": "0", "b": "127"}, {"id": "rose_bonbon", "name": "Rose Bonbon", "hex_value": "#f9429e", "r": "249", "g": "66", "b": "158"}, {"id": "rose_ebony", "name": "Rose Ebony", "hex_value": "#674846", "r": "103", "g": "72", "b": "70"}, {"id": "rose_gold", "name": "Rose Gold", "hex_value": "#b76e79", "r": "183", "g": "110", "b": "121"}, {"id": "rose_madder", "name": "Rose Madder", "hex_value": "#e32636", "r": "227", "g": "38", "b": "54"}, {"id": "rose_pink", "name": "Rose Pink", "hex_value": "#f6c", "r": "255", "g": "102", "b": "204"}, {"id": "rose_quartz", "name": "Rose Quartz", "hex_value": "#aa98a9", "r": "170", "g": "152", "b": "169"}, {"id": "rose_taupe", "name": "Rose Taupe", "hex_value": "#905d5d", "r": "144", "g": "93", "b": "93"}, {"id": "rose_vale", "name": "Rose Vale", "hex_value": "#ab4e52", "r": "171", "g": "78", "b": "82"}, {"id": "rosewood", "name": "Rosewood", "hex_value": "#65000b", "r": "101", "g": "0", "b": "11"}, {"id": "rosso_corsa", "name": "Rosso Corsa", "hex_value": "#d40000", "r": "212", "g": "0", "b": "0"}, {"id": "rosy_brown", "name": "Rosy Brown", "hex_value": "#bc8f8f", "r": "188", "g": "143", "b": "143"}, {"id": "royal_azure", "name": "Royal Azure", "hex_value": "#0038a8", "r": "0", "g": "56", "b": "168"}, {"id": "royal_blue_traditional", "name": "Royal Blue (Traditional)", "hex_value": "#002366", "r": "0", "g": "35", "b": "102"}, {"id": "royal_blue_web", "name": "Royal Blue (Web)", "hex_value": "#4169e1", "r": "65", "g": "105", "b": "225"}, {"id": "royal_fuchsia", "name": "Royal Fuchsia", "hex_value": "#ca2c92", "r": "202", "g": "44", "b": "146"}, {"id": "royal_purple", "name": "Royal Purple", "hex_value": "#7851a9", "r": "120", "g": "81", "b": "169"}, {"id": "royal_yellow", "name": "Royal Yellow", "hex_value": "#fada5e", "r": "250", "g": "218", "b": "94"}, {"id": "rubine_red", "name": "Rubine Red", "hex_value": "#d10056", "r": "209", "g": "0", "b": "86"}, {"id": "ruby", "name": "Ruby", "hex_value": "#e0115f", "r": "224", "g": "17", "b": "95"}, {"id": "ruby_red", "name": "Ruby Red", "hex_value": "#9b111e", "r": "155", "g": "17", "b": "30"}, {"id": "ruddy", "name": "Ruddy", "hex_value": "#ff0028", "r": "255", "g": "0", "b": "40"}, {"id": "ruddy_brown", "name": "Ruddy Brown", "hex_value": "#bb6528", "r": "187", "g": "101", "b": "40"}, {"id": "ruddy_pink", "name": "Ruddy Pink", "hex_value": "#e18e96", "r": "225", "g": "142", "b": "150"}, {"id": "rufous", "name": "Rufous", "hex_value": "#a81c07", "r": "168", "g": "28", "b": "7"}, {"id": "russet", "name": "Russet", "hex_value": "#80461b", "r": "128", "g": "70", "b": "27"}, {"id": "rust", "name": "Rust", "hex_value": "#b7410e", "r": "183", "g": "65", "b": "14"}, {"id": "rusty_red", "name": "Rusty Red", "hex_value": "#da2c43", "r": "218", "g": "44", "b": "67"}, {"id": "sacramento_state_green", "name": "Sacramento State Green", "hex_value": "#00563f", "r": "0", "g": "86", "b": "63"}, {"id": "saddle_brown", "name": "Saddle Brown", "hex_value": "#8b4513", "r": "139", "g": "69", "b": "19"}, {"id": "safety_orange_blaze_orange", "name": "Safety Orange (Blaze Orange)", "hex_value": "#ff6700", "r": "255", "g": "103", "b": "0"}, {"id": "saffron", "name": "Saffron", "hex_value": "#f4c430", "r": "244", "g": "196", "b": "48"}, {"id": "salmon", "name": "Salmon", "hex_value": "#ff8c69", "r": "255", "g": "140", "b": "105"}, {"id": "salmon_pink", "name": "Salmon Pink", "hex_value": "#ff91a4", "r": "255", "g": "145", "b": "164"}, {"id": "sand", "name": "Sand", "hex_value": "#c2b280", "r": "194", "g": "178", "b": "128"}, {"id": "sand_dune", "name": "Sand Dune", "hex_value": "#967117", "r": "150", "g": "113", "b": "23"}, {"id": "sandstorm", "name": "Sandstorm", "hex_value": "#ecd540", "r": "236", "g": "213", "b": "64"}, {"id": "sandy_brown", "name": "Sandy Brown", "hex_value": "#f4a460", "r": "244", "g": "164", "b": "96"}, {"id": "sandy_taupe", "name": "Sandy Taupe", "hex_value": "#967117", "r": "150", "g": "113", "b": "23"}, {"id": "sangria", "name": "Sangria", "hex_value": "#92000a", "r": "146", "g": "0", "b": "10"}, {"id": "sap_green", "name": "Sap Green", "hex_value": "#507d2a", "r": "80", "g": "125", "b": "42"}, {"id": "sapphire", "name": "Sapphire", "hex_value": "#0f52ba", "r": "15", "g": "82", "b": "186"}, {"id": "sapphire_blue", "name": "Sapphire Blue", "hex_value": "#0067a5", "r": "0", "g": "103", "b": "165"}, {"id": "satin_sheen_gold", "name": "Satin Sheen Gold", "hex_value": "#cba135", "r": "203", "g": "161", "b": "53"}, {"id": "scarlet", "name": "Scarlet", "hex_value": "#ff2400", "r": "255", "g": "36", "b": "0"}, {"id": "scarlet_crayola", "name": "Scarlet (Crayola)", "hex_value": "#fd0e35", "r": "253", "g": "14", "b": "53"}, {"id": "school_bus_yellow", "name": "School Bus Yellow", "hex_value": "#ffd800", "r": "255", "g": "216", "b": "0"}, {"id": "screamin_green", "name": "Screamin' Green", "hex_value": "#76ff7a", "r": "118", "g": "255", "b": "122"}, {"id": "sea_blue", "name": "Sea Blue", "hex_value": "#006994", "r": "0", "g": "105", "b": "148"}, {"id": "sea_green", "name": "Sea Green", "hex_value": "#2e8b57", "r": "46", "g": "139", "b": "87"}, {"id": "seal_brown", "name": "Seal Brown", "hex_value": "#321414", "r": "50", "g": "20", "b": "20"}, {"id": "seashell", "name": "Seashell", "hex_value": "#fff5ee", "r": "255", "g": "245", "b": "238"}, {"id": "selective_yellow", "name": "Selective Yellow", "hex_value": "#ffba00", "r": "255", "g": "186", "b": "0"}, {"id": "sepia", "name": "Sepia", "hex_value": "#704214", "r": "112", "g": "66", "b": "20"}, {"id": "shadow", "name": "Shadow", "hex_value": "#8a795d", "r": "138", "g": "121", "b": "93"}, {"id": "shamrock_green", "name": "Shamrock Green", "hex_value": "#009e60", "r": "0", "g": "158", "b": "96"}, {"id": "shocking_pink", "name": "Shocking Pink", "hex_value": "#fc0fc0", "r": "252", "g": "15", "b": "192"}, {"id": "shocking_pink_crayola", "name": "Shocking Pink (Crayola)", "hex_value": "#ff6fff", "r": "255", "g": "111", "b": "255"}, {"id": "sienna", "name": "Sienna", "hex_value": "#882d17", "r": "136", "g": "45", "b": "23"}, {"id": "silver", "name": "Silver", "hex_value": "#c0c0c0", "r": "192", "g": "192", "b": "192"}, {"id": "sinopia", "name": "Sinopia", "hex_value": "#cb410b", "r": "203", "g": "65", "b": "11"}, {"id": "skobeloff", "name": "Skobeloff", "hex_value": "#007474", "r": "0", "g": "116", "b": "116"}, {"id": "sky_blue", "name": "Sky Blue", "hex_value": "#87ceeb", "r": "135", "g": "206", "b": "235"}, {"id": "sky_magenta", "name": "Sky Magenta", "hex_value": "#cf71af", "r": "207", "g": "113", "b": "175"}, {"id": "slate_blue", "name": "Slate Blue", "hex_value": "#6a5acd", "r": "106", "g": "90", "b": "205"}, {"id": "slate_gray", "name": "Slate Gray", "hex_value": "#708090", "r": "112", "g": "128", "b": "144"}, {"id": "smalt_dark_powder_blue", "name": "Smalt (Dark Powder Blue)", "hex_value": "#039", "r": "0", "g": "51", "b": "153"}, {"id": "smokey_topaz", "name": "Smokey Topaz", "hex_value": "#933d41", "r": "147", "g": "61", "b": "65"}, {"id": "smoky_black", "name": "Smoky Black", "hex_value": "#100c08", "r": "16", "g": "12", "b": "8"}, {"id": "snow", "name": "Snow", "hex_value": "#fffafa", "r": "255", "g": "250", "b": "250"}, {"id": "spiro_disco_ball", "name": "Spiro Disco Ball", "hex_value": "#0fc0fc", "r": "15", "g": "192", "b": "252"}, {"id": "spring_bud", "name": "Spring Bud", "hex_value": "#a7fc00", "r": "167", "g": "252", "b": "0"}, {"id": "spring_green", "name": "Spring Green", "hex_value": "#00ff7f", "r": "0", "g": "255", "b": "127"}, {"id": "st_patrick_s_blue", "name": "St. Patrick'S Blue", "hex_value": "#23297a", "r": "35", "g": "41", "b": "122"}, {"id": "steel_blue", "name": "Steel Blue", "hex_value": "#4682b4", "r": "70", "g": "130", "b": "180"}, {"id": "stil_de_grain_yellow", "name": "Stil De Grain Yellow", "hex_value": "#fada5e", "r": "250", "g": "218", "b": "94"}, {"id": "stizza", "name": "Stizza", "hex_value": "#900", "r": "153", "g": "0", "b": "0"}, {"id": "stormcloud", "name": "Stormcloud", "hex_value": "#4f666a", "r": "79", "g": "102", "b": "106"}, {"id": "straw", "name": "Straw", "hex_value": "#e4d96f", "r": "228", "g": "217", "b": "111"}, {"id": "sunglow", "name": "Sunglow", "hex_value": "#fc3", "r": "255", "g": "204", "b": "51"}, {"id": "sunset", "name": "Sunset", "hex_value": "#fad6a5", "r": "250", "g": "214", "b": "165"}, {"id": "tan", "name": "Tan", "hex_value": "#d2b48c", "r": "210", "g": "180", "b": "140"}, {"id": "tangelo", "name": "Tangelo", "hex_value": "#f94d00", "r": "249", "g": "77", "b": "0"}, {"id": "tangerine", "name": "Tangerine", "hex_value": "#f28500", "r": "242", "g": "133", "b": "0"}, {"id": "tangerine_yellow", "name": "Tangerine Yellow", "hex_value": "#fc0", "r": "255", "g": "204", "b": "0"}, {"id": "tango_pink", "name": "Tango Pink", "hex_value": "#e4717a", "r": "228", "g": "113", "b": "122"}, {"id": "taupe", "name": "Taupe", "hex_value": "#483c32", "r": "72", "g": "60", "b": "50"}, {"id": "taupe_gray", "name": "Taupe Gray", "hex_value": "#8b8589", "r": "139", "g": "133", "b": "137"}, {"id": "tea_green", "name": "Tea Green", "hex_value": "#d0f0c0", "r": "208", "g": "240", "b": "192"}, {"id": "tea_rose_orange", "name": "Tea Rose (Orange)", "hex_value": "#f88379", "r": "248", "g": "131", "b": "121"}, {"id": "tea_rose_rose", "name": "Tea Rose (Rose)", "hex_value": "#f4c2c2", "r": "244", "g": "194", "b": "194"}, {"id": "teal", "name": "Teal", "hex_value": "#008080", "r": "0", "g": "128", "b": "128"}, {"id": "teal_blue", "name": "Teal Blue", "hex_value": "#367588", "r": "54", "g": "117", "b": "136"}, {"id": "teal_green", "name": "Teal Green", "hex_value": "#00827f", "r": "0", "g": "130", "b": "127"}, {"id": "telemagenta", "name": "Telemagenta", "hex_value": "#cf3476", "r": "207", "g": "52", "b": "118"}, {"id": "tenn_tawny", "name": "Tenn\u00e9 (Tawny)", "hex_value": "#cd5700", "r": "205", "g": "87", "b": "0"}, {"id": "terra_cotta", "name": "Terra Cotta", "hex_value": "#e2725b", "r": "226", "g": "114", "b": "91"}, {"id": "thistle", "name": "Thistle", "hex_value": "#d8bfd8", "r": "216", "g": "191", "b": "216"}, {"id": "thulian_pink", "name": "Thulian Pink", "hex_value": "#de6fa1", "r": "222", "g": "111", "b": "161"}, {"id": "tickle_me_pink", "name": "Tickle Me Pink", "hex_value": "#fc89ac", "r": "252", "g": "137", "b": "172"}, {"id": "tiffany_blue", "name": "Tiffany Blue", "hex_value": "#0abab5", "r": "10", "g": "186", "b": "181"}, {"id": "tiger_s_eye", "name": "Tiger'S Eye", "hex_value": "#e08d3c", "r": "224", "g": "141", "b": "60"}, {"id": "timberwolf", "name": "Timberwolf", "hex_value": "#dbd7d2", "r": "219", "g": "215", "b": "210"}, {"id": "titanium_yellow", "name": "Titanium Yellow", "hex_value": "#eee600", "r": "238", "g": "230", "b": "0"}, {"id": "tomato", "name": "Tomato", "hex_value": "#ff6347", "r": "255", "g": "99", "b": "71"}, {"id": "toolbox", "name": "Toolbox", "hex_value": "#746cc0", "r": "116", "g": "108", "b": "192"}, {"id": "topaz", "name": "Topaz", "hex_value": "#ffc87c", "r": "255", "g": "200", "b": "124"}, {"id": "tractor_red", "name": "Tractor Red", "hex_value": "#fd0e35", "r": "253", "g": "14", "b": "53"}, {"id": "trolley_grey", "name": "Trolley Grey", "hex_value": "#808080", "r": "128", "g": "128", "b": "128"}, {"id": "tropical_rain_forest", "name": "Tropical Rain Forest", "hex_value": "#00755e", "r": "0", "g": "117", "b": "94"}, {"id": "true_blue", "name": "True Blue", "hex_value": "#0073cf", "r": "0", "g": "115", "b": "207"}, {"id": "tufts_blue", "name": "Tufts Blue", "hex_value": "#417dc1", "r": "65", "g": "125", "b": "193"}, {"id": "tumbleweed", "name": "Tumbleweed", "hex_value": "#deaa88", "r": "222", "g": "170", "b": "136"}, {"id": "turkish_rose", "name": "Turkish Rose", "hex_value": "#b57281", "r": "181", "g": "114", "b": "129"}, {"id": "turquoise", "name": "Turquoise", "hex_value": "#30d5c8", "r": "48", "g": "213", "b": "200"}, {"id": "turquoise_blue", "name": "Turquoise Blue", "hex_value": "#00ffef", "r": "0", "g": "255", "b": "239"}, {"id": "turquoise_green", "name": "Turquoise Green", "hex_value": "#a0d6b4", "r": "160", "g": "214", "b": "180"}, {"id": "tuscan_red", "name": "Tuscan Red", "hex_value": "#7c4848", "r": "124", "g": "72", "b": "72"}, {"id": "twilight_lavender", "name": "Twilight Lavender", "hex_value": "#8a496b", "r": "138", "g": "73", "b": "107"}, {"id": "tyrian_purple", "name": "Tyrian Purple", "hex_value": "#66023c", "r": "102", "g": "2", "b": "60"}, {"id": "ua_blue", "name": "Ua Blue", "hex_value": "#03a", "r": "0", "g": "51", "b": "170"}, {"id": "ua_red", "name": "Ua Red", "hex_value": "#d9004c", "r": "217", "g": "0", "b": "76"}, {"id": "ube", "name": "Ube", "hex_value": "#8878c3", "r": "136", "g": "120", "b": "195"}, {"id": "ucla_blue", "name": "Ucla Blue", "hex_value": "#536895", "r": "83", "g": "104", "b": "149"}, {"id": "ucla_gold", "name": "Ucla Gold", "hex_value": "#ffb300", "r": "255", "g": "179", "b": "0"}, {"id": "ufo_green", "name": "Ufo Green", "hex_value": "#3cd070", "r": "60", "g": "208", "b": "112"}, {"id": "ultra_pink", "name": "Ultra Pink", "hex_value": "#ff6fff", "r": "255", "g": "111", "b": "255"}, {"id": "ultramarine", "name": "Ultramarine", "hex_value": "#120a8f", "r": "18", "g": "10", "b": "143"}, {"id": "ultramarine_blue", "name": "Ultramarine Blue", "hex_value": "#4166f5", "r": "65", "g": "102", "b": "245"}, {"id": "umber", "name": "Umber", "hex_value": "#635147", "r": "99", "g": "81", "b": "71"}, {"id": "unbleached_silk", "name": "Unbleached Silk", "hex_value": "#ffddca", "r": "255", "g": "221", "b": "202"}, {"id": "united_nations_blue", "name": "United Nations Blue", "hex_value": "#5b92e5", "r": "91", "g": "146", "b": "229"}, {"id": "university_of_california_gold", "name": "University Of California Gold", "hex_value": "#b78727", "r": "183", "g": "135", "b": "39"}, {"id": "unmellow_yellow", "name": "Unmellow Yellow", "hex_value": "#ff6", "r": "255", "g": "255", "b": "102"}, {"id": "up_forest_green", "name": "Up Forest Green", "hex_value": "#014421", "r": "1", "g": "68", "b": "33"}, {"id": "up_maroon", "name": "Up Maroon", "hex_value": "#7b1113", "r": "123", "g": "17", "b": "19"}, {"id": "upsdell_red", "name": "Upsdell Red", "hex_value": "#ae2029", "r": "174", "g": "32", "b": "41"}, {"id": "urobilin", "name": "Urobilin", "hex_value": "#e1ad21", "r": "225", "g": "173", "b": "33"}, {"id": "usafa_blue", "name": "Usafa Blue", "hex_value": "#004f98", "r": "0", "g": "79", "b": "152"}, {"id": "usc_cardinal", "name": "Usc Cardinal", "hex_value": "#900", "r": "153", "g": "0", "b": "0"}, {"id": "usc_gold", "name": "Usc Gold", "hex_value": "#fc0", "r": "255", "g": "204", "b": "0"}, {"id": "utah_crimson", "name": "Utah Crimson", "hex_value": "#d3003f", "r": "211", "g": "0", "b": "63"}, {"id": "vanilla", "name": "Vanilla", "hex_value": "#f3e5ab", "r": "243", "g": "229", "b": "171"}, {"id": "vegas_gold", "name": "Vegas Gold", "hex_value": "#c5b358", "r": "197", "g": "179", "b": "88"}, {"id": "venetian_red", "name": "Venetian Red", "hex_value": "#c80815", "r": "200", "g": "8", "b": "21"}, {"id": "verdigris", "name": "Verdigris", "hex_value": "#43b3ae", "r": "67", "g": "179", "b": "174"}, {"id": "vermilion_cinnabar", "name": "Vermilion (Cinnabar)", "hex_value": "#e34234", "r": "227", "g": "66", "b": "52"}, {"id": "vermilion_plochere", "name": "Vermilion (Plochere)", "hex_value": "#d9603b", "r": "217", "g": "96", "b": "59"}, {"id": "veronica", "name": "Veronica", "hex_value": "#a020f0", "r": "160", "g": "32", "b": "240"}, {"id": "violet", "name": "Violet", "hex_value": "#8f00ff", "r": "143", "g": "0", "b": "255"}, {"id": "violet_blue", "name": "Violet-Blue", "hex_value": "#324ab2", "r": "50", "g": "74", "b": "178"}, {"id": "violet_color_wheel", "name": "Violet (Color Wheel)", "hex_value": "#7f00ff", "r": "127", "g": "0", "b": "255"}, {"id": "violet_ryb", "name": "Violet (Ryb)", "hex_value": "#8601af", "r": "134", "g": "1", "b": "175"}, {"id": "violet_web", "name": "Violet (Web)", "hex_value": "#ee82ee", "r": "238", "g": "130", "b": "238"}, {"id": "viridian", "name": "Viridian", "hex_value": "#40826d", "r": "64", "g": "130", "b": "109"}, {"id": "vivid_auburn", "name": "Vivid Auburn", "hex_value": "#922724", "r": "146", "g": "39", "b": "36"}, {"id": "vivid_burgundy", "name": "Vivid Burgundy", "hex_value": "#9f1d35", "r": "159", "g": "29", "b": "53"}, {"id": "vivid_cerise", "name": "Vivid Cerise", "hex_value": "#da1d81", "r": "218", "g": "29", "b": "129"}, {"id": "vivid_tangerine", "name": "Vivid Tangerine", "hex_value": "#ffa089", "r": "255", "g": "160", "b": "137"}, {"id": "vivid_violet", "name": "Vivid Violet", "hex_value": "#9f00ff", "r": "159", "g": "0", "b": "255"}, {"id": "warm_black", "name": "Warm Black", "hex_value": "#004242", "r": "0", "g": "66", "b": "66"}, {"id": "waterspout", "name": "Waterspout", "hex_value": "#a4f4f9", "r": "164", "g": "244", "b": "249"}, {"id": "wenge", "name": "Wenge", "hex_value": "#645452", "r": "100", "g": "84", "b": "82"}, {"id": "wheat", "name": "Wheat", "hex_value": "#f5deb3", "r": "245", "g": "222", "b": "179"}, {"id": "white", "name": "White", "hex_value": "#fff", "r": "255", "g": "255", "b": "255"}, {"id": "white_smoke", "name": "White Smoke", "hex_value": "#f5f5f5", "r": "245", "g": "245", "b": "245"}, {"id": "wild_blue_yonder", "name": "Wild Blue Yonder", "hex_value": "#a2add0", "r": "162", "g": "173", "b": "208"}, {"id": "wild_strawberry", "name": "Wild Strawberry", "hex_value": "#ff43a4", "r": "255", "g": "67", "b": "164"}, {"id": "wild_watermelon", "name": "Wild Watermelon", "hex_value": "#fc6c85", "r": "252", "g": "108", "b": "133"}, {"id": "wine", "name": "Wine", "hex_value": "#722f37", "r": "114", "g": "47", "b": "55"}, {"id": "wine_dregs", "name": "Wine Dregs", "hex_value": "#673147", "r": "103", "g": "49", "b": "71"}, {"id": "wisteria", "name": "Wisteria", "hex_value": "#c9a0dc", "r": "201", "g": "160", "b": "220"}, {"id": "wood_brown", "name": "Wood Brown", "hex_value": "#c19a6b", "r": "193", "g": "154", "b": "107"}, {"id": "xanadu", "name": "Xanadu", "hex_value": "#738678", "r": "115", "g": "134", "b": "120"}, {"id": "yale_blue", "name": "Yale Blue", "hex_value": "#0f4d92", "r": "15", "g": "77", "b": "146"}, {"id": "yellow", "name": "Yellow", "hex_value": "#ff0", "r": "255", "g": "255", "b": "0"}, {"id": "yellow_green", "name": "Yellow-Green", "hex_value": "#9acd32", "r": "154", "g": "205", "b": "50"}, {"id": "yellow_munsell", "name": "Yellow (Munsell)", "hex_value": "#efcc00", "r": "239", "g": "204", "b": "0"}, {"id": "yellow_ncs", "name": "Yellow (Ncs)", "hex_value": "#ffd300", "r": "255", "g": "211", "b": "0"}, {"id": "yellow_orange", "name": "Yellow Orange", "hex_value": "#ffae42", "r": "255", "g": "174", "b": "66"}, {"id": "yellow_process", "name": "Yellow (Process)", "hex_value": "#ffef00", "r": "255", "g": "239", "b": "0"}, {"id": "yellow_ryb", "name": "Yellow (Ryb)", "hex_value": "#fefe33", "r": "254", "g": "254", "b": "51"}, {"id": "zaffre", "name": "Zaffre", "hex_value": "#0014a8", "r": "0", "g": "20", "b": "168"}, {"id": "zinnwaldite_brown", "name": "Zinnwaldite Brown", "hex_value": "#2c1608", "r": "44", "g": "22", "b": "8"}]